No.,Formula,Name,CAS,minimum temperature,maximum temperature,a0,a1,a2,a3,a4,ideal gas heat capacity at 298.15,Eq
-,-,-,-,Tmin,Tmax,a0,a1,a2,a3,a4,Cp_IG_298.15K,Cp_IG
-,-,-,-,K,K,1.00,1.00E+03,1.00E+05,1.00E+08,1.00E+11,J/mol.K,J/mol.K
1,Ar,argon,7440-37-1,0,0,2.500,0.000,0.000,0.000,0.000,20.79,1
2,Br₂,bromine,7726-95-6,50,1000,3.212,7.160,-1.53,1.445,-0.50,36.05,1
3,BrD,deuterium bromide,13536-59-9,50,1000,3.716,-2.318,0.738,-0.72,0.250,29.23,1
4,BrH,hydrogen bromide,10035-10-6,50,1000,3.842,-3.098,0.917,-1.03,0.426,29.14,1
5,CBrClF₂,bromochlorodifluoromethane,353-59-3,100,1000,1.968,36.592,-5.49,4.036,-1.17,74.65,1
6,CBrF₃,bromotrifluoromethane,75-63-8,100,1000,1.959,30.789,-3.78,2.236,-0.52,69.24,1
7,CBr₂F₂,dibromodifluoromethane,75-61-6,100,1000,2.476,36.115,-5.67,4.368,-1.32,77.02,1
8,CClF₃,chlorotrifluoromethane,75-72-9,50,1000,2.369,23.861,-1.58,-0.37,0.528,66.87,1
9,CCl₂F₂,dichlorodifluoromethane (R-12),75-71-8,50,1000,2.185,31.251,-3.72,1.930,-0.32,72.28,1
10,CCl₃F,trichlorofluoromethane (R-11),75-69-4,50,1000,2.090,38.890,-6.08,4.542,-1.32,78.09,1
11,CCl₄,tetrachloromethane,56-23-5,200,1000,2.518,41.882,-7.16,5.739,-1.76,83.43,1
12,CF₄,tetrafluoromethane,75-73-0,50,1000,2.643,15.383,0.850,-2.94,1.469,61.05,1
13,CHBrF₂,bromodifluoromethane,1511-62-2,100,1000,3.254,13.871,-0.07,-1.13,0.606,58.76,1
14,CHClF₂,chlorodifluoromethane (R-22),75-45-6,50,1000,3.164,10.422,1.179,-2.65,1.222,55.85,1
15,CHCl₂F,dichlorofluoromethane,75-43-4,50,1000,2.949,17.130,-0.63,-0.82,0.573,60.94,1
16,CHCl₃,trichloromethane,67-66-3,200,1000,2.389,26.218,-3.15,1.857,-0.42,65.40,1
17,CHF₃,trifluoromethane (R-23),75-46-7,50,1000,3.450,3.480,3.012,-4.45,1.834,50.98,1
18,CH₂Cl₂,dichloromethane,75-09-2,200,1000,2.710,11.561,0.324,-1.37,0.662,50.88,1
19,CH₂F₂,difluoromethane,75-10-5,50,1000,4.150,-5.584,4.384,-5.16,1.920,42.88,1
20,CH₂O₂,methanoic acid (formic acid),64-18-6,50,1000,3.809,1.568,3.587,-4.41,1.672,53.45,1
21,CH₃Cl,chloromethane,74-87-3,200,1000,3.578,-1.75,3.071,-3.71,1.408,40.74,1
22,CH₃F,fluoromethane,593-53-3,50,1000,4.561,-10.437,4.813,-5.07,1.769,37.51,1
23,CH₃NO₂,nitromethane,75-52-5,50,1000,4.196,-1.102,5.158,-6.72,2.660,57.22,1
24,CH₄,methane,74-82-8,50,1000,4.568,-8.975,3.631,-3.41,1.091,35.69,1
25,CH₄O,methanol,67-56-1,50,1000,4.714,-6.986,4.211,-4.44,1.535,44.06,1
26,CH₄S,methanethiol (methyl mercaptan),74-93-1,50,1000,4.119,1.313,2.591,-3.21,1.208,50.26,1
27,CH₅N,methanamine (methyl amine),74-89-5,50,1000,4.193,-2.122,4.039,-4.74,1.751,50.05,1
28,CO,carbon monoxide,630-08-0,50,1000,3.912,-3.913,1.182,-1.30,0.515,29.14,1
29,CO₂,carbon dioxide,124-38-9,50,1000,3.259,1.356,1.502,-2.37,1.056,37.13,1
30,C₂ClF₅,"1-chloro-1,1,2,2,2-pentafluoroethane",76-15-3,50,1000,2.355,50.469,-5.16,2.041,-0.14,111.10,1
31,C₂Cl₂F₄,"1,1-dichloro-1,2,2,2-tetrafluoroethane",374-07-2,50,1000,2.268,56.415,-6.908,3.953,-0.861,115.80,1
32,C₂Cl₂F₄,"1,2-dichloro-1,1,2,2-tetrafluoroethane",76-14-2,50,1000,2.525,53.644,-5.771,2.417,-0.199,116.60,1
33,C₂Cl₃F₃,"1,1,2-trichloro-1,2,2-trifluoroethane",76-13-1,50,1000,2.133,63.238,-8.916,6.140,-1.683,121.00,1
34,C₂F₄,tetrafluoroethene,116-14-3,200,1000,2.223,36.551,-4.776,3.283,-0.931,80.41,1
35,C₂F₆,hexafluoroethane,76-16-4,50,1000,2.525,43.543,-2.948,-0.630,0.967,106.54,1
36,C₂HClF₄,"1-chloro-1,1,2,2-tetrafluoroethane",354-25-6,50,1000,2.888,38.360,-2.468,-0.397,0.677,100.40,1
37,C₂HClF₄,"1-chloro-1,2,2,2-tetrafluoroethane",2837-89-0,50,1000,3.022,35.834,-1.744,-1.211,0.994,99.06,1
38,C₂HCl₂F₃,"1,1-dichloro-2,2,2-trifluoroethane (R-123)",306-83-2,50,1000,2.996,39.490,-2.743,-0.122,0.572,102.60,1
39,C₂HCl₂F₃,"1,2-dichloro-1,2,2-trifluoroethane (R-123a)",354-23-4,50,1000,2.699,43.299,-3.663,0.697,0.322,104.45,1
40,C₂HF₅,pentafluoroethane,354-33-6,50,1000,3.146,29.937,-0.056,-3.019,1.669,94.40,1
41,C₂H₂,ethyne (acetylene),74-86-2,50,1000,2.410,10.926,-0.255,-0.790,0.524,59.03,1
42,C₂H₂F₂,"1,1-difluoroethene",75-38-7,200,1000,0.749,26.756,-1.905,0.245,0.204,59.08,1
43,C₂H₂F₄,"1,1,1,2-tetrafluoroethane (R-134a)",811-97-2,50,1000,3.064,25.420,0.586,-3.339,1.716,86.64,1
44,C₂H₂F₄,"1,1,2,2-tetrafluoroethane (R-134)",359-35-3,50,1000,3.084,32.841,-2.425,0.488,0.162,90.32,1
45,C₂H₃ClF₂,"1-chloro-1,1-difluoroethane",75-68-3,50,1000,2.338,29.791,-1.048,-1.336,0.927,83.26,1
46,C₂H₃Cl₂F,"1,1-dichloro-1-fluoroethane (R-141b)",1717-00-6,50,1000,2.140,36.934,-3.121,0.927,0.068,88.37,1
47,C₂H₃F₃,"1,1,1-trifluoroethane (R-143a)",420-46-2,50,1000,2.577,23.727,0.480,-2.824,1.439,78.61,1
48,C₂H₃F₃,"1,1,2-trifluoroethane (R-143)",430-66-0,50,1000,3.531,16.450,2.074,-4.217,1.869,77.34,1
49,C₂H₄,ethene (ethylene),74-85-1,50,1000,4.221,-8.782,5.795,-6.729,2.511,42.90,1
50,C₂H₄Br₂,"1,2-dibromoethane",106-93-4,298,1000,3.784,24.587,-0.750,-0.886,0.601,85.31,1
51,C₂H₄Cl₂,"1,1-dichloroethane",75-34-3,200,1000,2.610,24.853,-0.675,-1.035,0.643,76.32,1
52,C₂H₄Cl₂,"1,2-dichloroethane",107-06-2,298,1000,2.990,23.197,-0.404,-1.133,0.617,77.32,1
53,C₂H₄F₂,"1,1-difluoroethane (R-152a)",75-37-6,50,1000,3.292,11.749,2.835,-4.645,1.941,68.49,1
54,C₂H₄O₂,ethanoic acid (acetic acid),64-19-7,50,1000,4.375,-2.397,6.757,-8.764,3.478,63.44,1
55,C₂H₄O₂,methyl methanoate (methyl formate),107-31-3,298,1000,2.277,18.013,1.160,-2.921,1.342,66.50,1
56,C₂H₅Br,bromoethane,74-96-4,100,1000,3.636,6.861,3.749,-5.446,2.231,64.23,1
57,C₂H₅Cl,chloroethane,75-00-3,200,1000,3.029,9.885,2.967,-4.550,1.871,62.64,1
58,C₂H₅F,fluoroethane,353-36-6,50,1000,3.881,1.616,4.799,-6.161,2.364,59.61,1
59,C₂H₆,ethane,74-84-0,50,1000,4.178,-4.427,5.660,-6.651,2.487,52.47,1
60,C₂H₆O,ethanol,64-17-5,50,1000,4.396,0.628,5.546,-7.024,2.685,65.21,1
61,C₂H₆O,dimethyl ether,115-10-6,100,1000,4.361,6.070,2.899,-3.581,1.282,65.57,1
62,C₂H₆S,ethanethiol (ethyl mercaptan),75-08-1,50,1000,3.894,12.951,2.052,-3.287,1.312,73.01,1
63,C₂H₆S,2-thiapropane (dimethylsulfide),75-18-3,273,1000,3.535,17.530,0.596,-1.632,0.696,74.06,1
64,C₂H₇N,ethanamine (ethyl amine),75-04-7,50,1000,4.640,2.069,5.797,-7.659,3.043,71.54,1
65,C₂H₇N,N-methylmethanamine (dimethyl amine),124-40-3,273,1000,2.469,15.462,2.642,-4.025,1.564,70.50,1
66,C₃F₈,octafluoropropane (R-218),76-19-7,200,1000,1.605,76.488,-8.707,4.540,-0.856,147.95,1
67,C₃H₃NO,"1,2-oxazole (isoxazole)",288-14-2,50,1000,3.911,-9.705,10.380,-13.472,5.359,59.01,1
68,C₃H₄,1-propyne (methyl acetylene),74-99-7,50,1000,3.158,12.210,1.167,-2.316,1.002,60.73,1
69,C₃H₄,"1,2-propadiene",463-49-0,50,1000,3.403,6.271,3.388,-5.113,2.161,81.82,1
70,C₃H₆,propene (propylene),115-07-1,50,1000,3.834,3.893,4.688,-6.013,2.283,64.32,1
71,C₃H₆,cyclopropane,75-19-4,50,1000,4.493,-18.097,12.744,-16.049,6.426,55.57,1
72,C₃H₆Cl₂,"1,2-dichloropropane",78-87-5,298,1000,1.697,40.582,-2.247,-0.038,0.377,98.27,1
73,C₃H₆O,2-propen-1-ol (allyl alcohol),107-18-6,298,1000,0.248,34.938,-1.685,-0.192,0.324,76.01,1
74,C₃H₆O,propanone (acetone),67-64-1,200,1000,5.126,1.511,5.731,-7.177,2.728,74.52,1
75,C₃H₆O₂,methyl ethanoate (methyl acetate),79-20-9,298,1000,4.242,14.388,3.338,-4.930,1.931,85.30,1
76,C₃H₇Cl,1-chloropropane,540-54-5,200,1000,4.365,9.895,5.366,-7.708,3.120,85.30,1
77,C₃H₈,propane,74-98-6,50,1000,3.847,5.131,6.011,-7.893,3.079,73.60,1
78,C₃H₈O,1-propanol,71-23-8,50,1000,4.712,6.565,6.310,-8.341,3.216,85.56,1
79,C₃H₈O,2-propanol,67-63-0,50,1000,3.334,18.853,3.644,-6.115,2.543,89.32,1
80,C₃H₈O,methyl ethyl ether,540-67-0,100,1000,4.008,21.493,1.803,-3.333,1.331,93.30,1
81,C₃H₈S,2-thiabutane (methyl ethyl sulfide),624-89-5,273,1000,2.816,29.186,0.807,-2.888,1.325,95.06,1
82,C₃H₉N,1-propanamine (propyl amine),107-10-8,50,1000,4.142,12.606,5.471,-7.524,2.918,91.80,1
83,C₃H₉N,2-propanamine (methyl ethyl amine),75-31-0,50,1000,3.633,22.221,3.094,-5.375,2.236,97.55,1
84,C₃H₉N,"N,N-dimethylmethanamine (trimethyl amine)",75-50-3,298,1000,1.660,27.899,2.517,-5.097,2.190,91.80,1
85,C₄F₈,octafluorocyclobutane,115-25-3,298,1000,0.949,80.942,-7.976,2.970,-0.087,79.48,1
86,C₄F₁₀,decafluoro-2-methylpropane,355-25-9,200,1000,1.965,99.798,-11.830,6.680,-1.457,78.02,1
87,C₄H₄O,furan,110-00-9,50,1000,3.816,-10.453,12.446,-16.907,7.020,65.40,1
88,C₄H₄S,thiophene,110-02-1,50,1000,3.063,1.520,9.514,-14.129,6.088,72.78,1
89,C₄H₅N,pyrrole,109-97-7,50,1000,3.554,-6.426,12.231,-16.957,7.095,71.60,1
90,C₄H₆,1-butyne,107-00-6,50,1000,2.995,20.800,1.560,-3.462,1.524,81.42,1
91,C₄H₆,"1,3-butadiene",106-99-0,50,1000,3.607,5.085,8.253,-12.371,5.321,79.54,1
92,C₄H₆O₃,acetic anhydride,108-24-7,298,1000,-1.274,50.172,-1.459,-1.951,1.244,99.51,1
93,C₄H₈,cyclobutane,287-23-0,50,1000,4.739,-16.423,14.488,-18.041,7.089,70.56,1
94,C₄H₈,1-butene,106-98-9,50,1000,4.389,7.984,6.143,-8.197,3.165,85.56,1
95,C₄H₈,trans-2-butene,624-64-6,50,1000,5.584,-4.890,9.133,-10.975,4.085,87.67,1
96,C₄H₈,cis-2-butene,590-18-1,50,1000,3.689,19.184,2.230,-3.426,1.256,80.15,1
97,C₄H₈,2-methylpropene,115-11-7,50,1000,3.231,20.949,2.313,-3.949,1.566,88.09,1
98,C₄H₈O,butanone (methyl ethyl ketone),78-93-3,200,1000,6.349,11.062,4.851,-6.484,2.469,103.26,1
99,C₄H₈O,tetrahydrofuran,109-99-9,50,1000,5.171,-19.464,16.460,-20.420,8.000,76.53,1
100,C₄H₈O₂,"1,3-dioxane",505-22-6,50,1000,3.834,-0.249,11.985,-15.494,6.047,89.47,1
101,C₄H₈O₂,"1,4-dioxane",123-91-1,50,1000,3.730,1.851,11.781,-15.602,6.177,92.18,1
102,C₄H₈O₂,ethyl ethanoate (ethyl acetate),141-78-6,298,1000,10.228,-14.948,13.033,-15.736,5.999,113.64,1
103,C₄H₉Cl,2-chlorobutane,78-86-4,200,1000,4.450,22.285,4.350,-7.215,3.015,110.22,1
104,C₄H₁₀,butane,106-97-8,200,1000,5.547,5.536,8.057,-10.571,4.134,98.49,1
105,C₄H₁₀,2-methylpropane (isobutane),75-28-5,50,1000,3.351,17.883,5.477,-8.099,3.243,96.65,1
106,C₄H₁₀O,1-butanol,71-36-3,50,1000,4.467,16.395,6.688,-9.690,3.864,108.03,1
107,C₄H₁₀O,2-methyl-2-propanol (tert-butanol),75-65-0,50,1000,2.611,36.052,1.517,-4.360,1.947,113.63,1
108,C₄H₁₀O,2-butanol (sec-butanol),78-92-2,50,1000,3.860,28.561,2.728,-5.140,2.117,112.74,1
109,C₄H₁₀O,diethyl ether,60-29-7,100,1000,4.612,37.492,-1.870,1.316,-0.698,119.46,1
110,C₄H₁₀S,3-thiapentane (diethyl sulfide),352-93-2,273,1000,4.335,26.082,3.959,-6.881,2.900,116.57,1
111,C₄H₁₁N,1-butanamine (butyl amine),109-73-9,298,1000,2.668,38.366,1.150,-3.817,1.712,113.90,1
112,C₄H₁₁N,n-ethylethanamine (diethyl amine),109-89-7,298,1000,3.028,32.373,2.828,-5.501,2.300,116.00,1
113,C₄H₁₁N,2-methyl-1-propanamine (isobutyl amine),78-81-9,298,1000,0.380,53.027,-2.436,0.207,0.038,117.09,1
114,C5F12,dodecafluoropentane,678-26-2,200,1000,2.315,123.238,-14.997,8.875,-2.081,231.95,1
115,C5H5N,pyridine,110-86-1,298,1000,-3.505,49.389,-1.746,-1.595,1.097,78.23,1
116,C5H6O,2-methylfuran,534-22-5,50,1000,3.952,5.535,9.252,-13.046,5.353,89.66,1
117,C5H8,1-pentyne,627-19-0,50,1000,3.382,31.688,0.790,-3.109,1.417,106.69,1
118,C5H8,cyclopentene,142-29-0,50,1000,4.555,-12.408,15.195,-19.676,7.900,81.25,1
119,C5H8O,cyclopentanone,120-92-3,50,1000,4.294,-1.236,13.080,-17.531,7.071,95.32,1
120,C5H10,cyclopentane,287-92-3,50,1000,5.019,-19.734,17.917,-21.696,8.215,82.76,1
121,C5H10,1-pentene,109-67-1,200,1000,5.079,11.919,7.838,-10.962,4.381,108.20,1
122,C5H10,cis-2-pentene,627-20-3,298,1000,2.901,31.785,1.842,-3.953,1.609,108.87,1
123,C5H10,2-methyl-2-butene,513-35-9,298,1000,1.240,39.303,0.270,-2.500,1.120,105.00,1
124,C5H10,3-methyl-1-butene,563-45-1,298,1000,2.108,41.912,-0.416,-1.937,0.954,115.00,1
125,C5H10O,cyclopentanol,96-41-3,50,1000,4.370,5.723,13.357,-18.752,7.733,113.00,1
126,C5H10O,2-pentanone (methyl propyl ketone),107-87-9,200,1000,7.836,9.051,8.063,-10.847,4.283,125.90,1
127,C5H10O,3-pentanone (diethyl ketone),96-22-0,200,1000,8.071,13.654,6.120,-8.337,3.253,129.87,1
128,C5H11Cl,1-chloropentane,543-59-9,200,1000,7.052,9.759,10.210,-14.077,5.640,130.58,1
129,C5H12,pentane,109-66-0,200,1000,7.554,-0.368,11.846,-14.939,5.753,120.04,1
130,C5H12,2-methylbutane,78-78-4,200,1000,1.959,38.191,2.434,-5.175,2.165,118.97,1
131,C5H12,"2,2-dimethylpropane (neopentane)",463-82-1,200,1000,-11.428,156.037,-33.383,40.127,-17.806,120.80,1
132,C5H12O,1-pentanol,71-41-0,200,1000,5.530,16.887,9.430,-13.725,5.607,130.70,1
133,C5H12O,2-methyl-2-butanol,75-85-4,298,1000,4.282,27.248,6.649,-10.683,4.474,131.69,1
134,C₆Cl₅F,chloropentafluorobenzene,344-07-0,200,1000,2.994,74.969,-8.448,4.889,-1.177,158.30,1
135,C₆F₆,hexafluorobenzene,392-56-3,200,1000,2.531,75.268,-8.410,4.845,-1.166,155.38,1
136,C₆F₁₄,tetradecafluorohexane,355-42-0,200,1000,2.660,146.733,-18.179,11.086,-2.710,273.99,1
137,C₆HF₅,pentafluorobenzene,363-72-4,200,1000,1.197,72.572,-7.369,3.676,-0.718,143.02,1
138,C₆H₂F₄,"1,2,4,5-tetrafluorobenzene",327-54-8,200,1000,0.007,69.341,-6.192,2.343,-0.202,131.21,1
139,C₆H₅Cl,chlorobenzene,108-90-7,200,1000,0.104,38.288,1.808,-5.732,2.718,97.99,1
140,C₆H₆,benzene,71-43-2,50,1000,3.551,-6.184,14.365,-19.807,8.234,82.43,1
141,C₆H₆O,phenol,108-95-2,50,1000,2.582,17.501,8.894,-14.435,6.317,103.22,1
142,C₆H₇N,benzeneamine (aniline),62-53-3,50,1000,2.598,19.936,8.438,-13.368,5.630,107.90,1
143,C₆H₇N,2-methylpyridine (2-picoline),109-06-8,50,1000,4.156,2.699,12.517,-17.424,7.163,100.17,1
144,C₆H₇N,3-methylpyridine (3-picoline),108-99-6,50,1000,4.140,2.780,12.458,-17.328,7.118,99.99,1
145,C₆H₇N,4-methylpyridine (4-picoline),1108-89-4,50,1000,3.904,4.296,12.062,-16.884,6.942,99.70,1
146,C₆H₁₀,cyclohexene,110-83-8,50,1000,3.874,-0.909,14.902,-19.907,8.011,101.49,1
147,C₆H₁₀O,cyclohexanone,108-94-1,50,1000,4.416,-1.248,17.367,-23.640,9.595,116.19,1
148,C₆H₁₂,cyclohexane,110-82-7,100,1000,4.035,-4.433,16.834,-20.775,7.746,106.10,1
149,C₆H₁₂,methylcyclopentane,96-37-7,50,1000,5.379,-8.258,17.293,-21.646,8.263,109.50,1
150,C₆H₁₂,1-hexene,592-41-6,200,1000,6.303,12.352,10.258,-14.272,5.708,130.83,1
151,C₆H₁₂,4-methylpent-1-ene,691-37-2,298,1000,-1.326,65.625,-3.560,0.514,0.176,126.59,1
152,C₆H₁₂O,cyclohexanol,108-93-0,50,1000,3.239,21.585,10.322,-14.762,5.885,128.06,1
153,C₆H₁₂O,2-hexanone (methyl butyl ketone),591-78-6,200,1000,9.146,8.701,10.736,-14.496,5.768,148.53,1
154,C₆H₁₂O,3-hexanone (ethyl propyl ketone),589-38-8,200,1000,9.357,13.505,8.735,-11.918,4.710,152.51,1
155,C6H14,hexane,110-54-3,200,1000,8.831,-0.166,14.302,-18.314,7.124,142.59,1
156,C6H14,2-methylpentane,107-83-5,200,1000,2.096,46.419,3.124,-6.829,2.902,142.21,1
157,C6H14,3-methylpentane,96-14-0,200,1000,0.433,11.143,0.730,-1.612,0.690,140.10,1
158,C6H14,"2,2-dimethylbutane",75-83-2,200,1000,3.007,39.059,4.851,-8.243,3.367,141.50,1
159,C6H14,"2,3-dimethylbutane",79-29-8,200,1000,-2.214,74.352,-3.697,0.273,0.308,139.41,1
160,C6H14O,1-hexanol,111-27-3,200,1000,6.784,17.060,11.935,-17.147,6.985,153.30,1
161,C6H15N,"N,N-diethylethanamine (triethyl amine)",121-44-8,298,1000,4.581,40.089,5.793,-10.032,4.193,161.00,1
162,C7F16,hexadecafluoroheptane,335-57-9,200,1000,3.002,170.245,-21.365,13.301,-3.341,316.03,1
163,C7H5F5,pentafluorotoluene,771-56-2,298,1000,6.079,48.333,0.158,-3.861,1.948,164.30,1
164,C7H8,toluene,108-88-3,50,1000,3.866,3.558,13.356,-18.659,7.690,103.75,1
165,C7H8O,2-methylphenol (o-cresol),95-48-7,50,1000,3.123,31.032,6.152,-10.805,4.642,127.30,1
166,C7H8O,3-methylphenol (m-cresol),108-39-4,50,1000,2.876,26.142,8.544,-14.238,6.189,124.68,1
167,C7H8O,4-methylphenol (p-cresol),106-44-5,50,1000,2.881,27.407,7.943,-13.423,5.843,124.97,1
168,C7H9N,"2,3-dimethylpyridine (2,3 lutidine)",108-47-4,50,1000,4.225,13.393,11.364,-16.169,6.585,120.97,1
169,C7H9N,"2,4-dimethylpyridine (2,4 lutidine)",589-93-5,50,1000,4.247,13.487,11.535,-16.564,6.803,122.01,1
170,C7H9N,"2,5-dimethylpyridine (2,5 lutidine)",108-48-5,50,1000,4.183,14.253,11.226,-16.133,6.610,121.86,1
171,C7H9N,"2,6-dimethylpyridine (2,6 lutidine)",583-58-4,50,1000,3.413,31.807,5.284,-8.851,3.610,128.75,1
172,C7H9N,"3,4-dimethylpyridine (3,4 lutidine)",591-22-0,50,1000,4.135,15.216,10.792,-15.509,6.324,121.78,1
173,C7H14,"3,5-dimethylpyridine (3,5 lutidine)",291-64-5,50,1000,3.995,5.299,17.971,-24.179,9.665,132.01,1
174,C7H14,methylcyclohexane,108-87-2,50,1000,3.148,18.438,13.624,-18.793,7.364,135.80,1
175,C7H14,ethylcyclopentane,1640-89-7,50,1000,5.847,-0.048,17.507,-22.495,8.656,133.60,1
176,C7H14,"cis-1,3-dimethylcyclopentane",2532-58-3,298,1000,-2.522,60.538,2.703,-7.572,3.361,134.50,1
177,C7H14,"trans-1,3-dimethylcyclopentane",1759-58-6,298,1000,-2.522,60.538,2.703,-7.572,3.361,134.50,1
178,C7H14,1-heptene,592-76-7,200,1000,7.520,12.824,12.670,-17.578,7.035,153.46,1
179,C₇H₁₆,heptane,142-82-5,200,1000,9.634,4.156,15.494,-20.066,7.770,165.20,1
180,C₇H₁₆,2-methylhexane,591-76-4,200,1000,3.452,46.373,5.446,-9.875,4.089,164.50,1
181,C₇H₁₆,3-ethylpentane,617-78-7,200,1000,7.598,19.547,11.641,-16.107,6.378,166.00,1
182,C₇H₁₆,"2,2-dimethylpentane",590-35-2,200,1000,1.315,60.462,2.813,-7.620,3.434,166.70,1
183,C₇H₁₆,"2,3-dimethylpentane",565-59-3,200,1000,-4.314,96.708,-6.454,2.227,-0.313,160.83,1
184,C₇H₁₆,"2,4-dimethylpentane",108-08-7,200,1000,-3.133,97.923,-6.912,2.424,-0.250,170.75,1
185,C₇H₁₆,"3,3-dimethylpentane",562-49-2,200,1000,-0.480,73.415,-0.740,-3.562,1.822,165.80,1
186,C₇H₁₆,"2,2,3-trimethylbutane",464-06-2,200,1000,-0.711,73.562,-1.007,-3.018,1.583,163.30,1
187,C₇H₁₆O,1-heptanol,111-70-6,200,1000,7.935,18.023,14.223,-20.320,8.262,175.90,1
188,C₈F₁₈,octadecafluorooctane,307-34-6,200,1000,3.352,193.679,-24.528,15.491,-3.962,358.07,1
189,C₈H₁₀,ethylbenzene,100-41-4,50,1000,4.544,10.578,13.644,-19.276,7.885,127.40,1
190,C₈H₁₀,"1,2-dimethylbenzene (o-xylene)",95-47-6,50,1000,3.289,34.144,4.989,-8.335,3.338,132.31,1
191,C₈H₁₀,"1,3-dimethylbenzene (m-xylene)",108-38-3,50,1000,4.002,17.537,10.590,-15.037,6.008,125.71,1
192,C₈H₁₀,"1,4-dimethylbenzene (p-xylene)",106-42-3,50,1000,4.113,14.909,11.810,-16.724,6.736,126.02,1
193,C₈H₁₀O,2-ethylphenol,90-00-6,298,1000,-2.392,82.472,-4.476,0.434,0.890,151.16,1
194,C₈H₁₀O,3-ethylphenol,620-17-7,298,1000,-4.029,90.167,-5.877,0.702,0.546,148.54,1
195,C₈H₁₀O,4-ethyl-phenol,123-07-9,298,1000,-3.628,88.368,-5.660,0.616,0.548,148.83,1
196,C₈H₁₀O,"2,4-dimethylphenol (2,4 xylenol)",105-67-9,50,1000,3.752,41.738,5.814,-11.112,4.855,156.10,1
197,C₈H₁₀O,"2,5-dimethylphenol (2,5 xylenol)",95-87-4,50,1000,3.008,50.507,2.960,-7.548,3.351,157.09,1
198,C₈H₁₀O,"2,6-dimethylphenol (2,6 xylenol)",576-26-1,50,1000,2.604,51.990,2.683,-7.380,3.340,155.97,1
199,C₈H₁₀O,"3,4-dimethylphenol (3,4 xylenol)",95-65-8,50,1000,1.407,67.846,-1.345,-3.401,1.952,163.52,1
200,C₈H₁₀O,"3,5-dimethylphenol (3,5 xylenol)",108-68-9,50,1000,2.869,43.266,5.901,-11.468,5.053,152.70,1
201,C₈H₁₆,cyclooctane,292-64-8,50,1000,4.236,13.119,16.313,-21.072,7.987,146.19,1
202,C₈H₁₆,"t-1,4-dimethylcyclohexane",2207-04-7,50,1000,3.902,20.058,15.345,-20.707,7.974,155.19,1
203,C₈H₁₆,1-octene,111-66-0,200,1000,8.745,13.240,15.096,-20.895,8.366,176.10,1
204,C₈H₁₈,octane,111-65-9,200,1000,10.824,4.983,17.751,-23.137,8.980,187.78,1
205,C₈H₁₈,2-methylheptane,592-27-8,200,1000,5.257,41.188,9.739,-15.692,6.570,187.23,1
206,C₈H₁₈,4-methylheptane,589-53-7,200,1000,2.182,62.828,4.419,-10.021,4.358,187.02,1
207,C₈H₁₈,3-ethylhexane,619-99-8,200,1000,7.178,33.720,10.365,-15.312,6.088,189.62,1
208,C₈H₁₈,"2,2-dimethylhexane",590-73-8,200,1000,3.452,55.222,6.066,-11.271,4.732,188.30,1
209,C₈H₁₈,"2,3-dimethylhexane",584-94-1,200,1000,-3.594,100.983,-4.880,-0.342,0.789,184.10,1
210,C₈H₁₈,"2,4-dimethylhexane",589-43-5,200,1000,-3.372,108.645,-7.267,2.176,-0.103,192.30,1
211,C₈H₁₈,"2,5-dimethylhexane",592-13-2,200,1000,-1.367,87.285,-1.799,-3.343,1.857,185.48,1
212,C₈H₁₈,"3,3-dimethylhexane",563-16-6,200,1000,-2.093,94.480,-2.808,-2.811,1.816,190.87,1
213,C₈H₁₈,"3,4-dimethylhexane",583-48-2,200,1000,-6.148,116.522,-8.351,2.961,-0.344,182.34,1
214,C₈H₁₈,3-ethyl-2-methylpentane,609-26-7,200,1000,-0.873,95.193,-5.319,1.180,0.000,192.05,1
215,C₈H₁₈,3-ethyl-3-methylpentane,1067-08-9,200,1000,-1.350,88.584,-1.961,-3.139,1.789,187.99,1
216,C₈H₁₈,"2,2,3-trimethylpentane",564-02-3,200,1000,-4.490,108.022,-6.486,1.441,0.142,185.64,1
217,C₈H₁₈,"2,2,4-trimethylpentane (isooctane)",540-84-1,200,1000,0.384,77.059,0.665,-5.565,2.619,188.41,1
218,C₈H₁₈,"2,3,3-trimethylpentane",560-21-4,200,1000,-5.726,117.939,-8.940,4.012,-0.816,187.02,1
219,C₈H₁₈,"2,2,3,3-tetramethylbutane",594-82-1,200,1000,0.768,72.950,1.659,-6.322,2.886,187.19,1
220,C₈H₁₈O,1-octanol,111-87-5,200,1000,9.193,18.228,16.682,-23.641,9.580,198.60,1
221,C₉F₂₀,eicosafluorononane,375-96-2,200,1000,3.697,217.163,-27.706,17.697,-4.589,400.11,1
222,C₉H₁₂,propylbenzene,103-65-1,50,1000,4.759,23.956,11.859,-17.393,7.064,152.30,1
223,C₉H₁₂,1-methylethylbenzene (cumene),98-82-8,50,1000,2.985,34.196,11.938,-20.152,8.923,159.69,1
224,C₉H₁₂,1-ethyl-4-methylbenzene,622-96-8,50,1000,5.097,17.385,13.600,-19.299,7.817,148.25,1
225,C₉H₁₂,"1,2,3-trimethylbenzene",526-73-8,50,1000,4.042,31.152,10.185,-16.262,6.922,155.07,1
226,C₉H₁₂,"1,2,4-trimethylbenzene",95-63-6,50,1000,5.319,20.074,12.034,-16.873,6.687,149.71,1
227,C₉H₁₂,"1,3,5-trimethylbenzene (mesitylene)",108-67-8,50,1000,5.305,20.039,11.606,-16.317,6.503,147.63,1
228,C₉H₁₈,1-nonene,124-11-8,200,1000,9.963,13.704,17.511,-24.203,9.694,198.74,1
229,C₉H₂₀,nonane,111-84-2,200,1000,12.152,4.575,20.416,-26.777,10.465,210.41,1
230,C₉H₂₀,2-methyloctane,3221-61-2,200,1000,5.914,47.039,10.387,-16.686,6.852,212.05,1
231,C₉H₂₀,"2,2,5-trimethylhexane",3522-94-9,200,1000,-0.880,92.152,-0.423,-5.261,2.601,208.11,1
232,C₉H₂₀,"2,2,3,3-tetramethylpentane",7154-79-2,200,1000,-6.019,131.511,-9.916,4.520,-0.934,209.80,1
233,C₉H₂₀,"2,2,3,4-tetramethylpentane",1186-53-4,200,1000,-5.422,123.507,-8.031,2.590,-0.261,207.30,1
234,C₉H₂₀,"2,2,4,4-tetramethylpentane",1070-87-7,200,1000,3.621,67.875,4.875,-10.109,4.292,214.94,1
235,C₉H₂₀,"2,3,3,4-tetramethylpentane",16747-38-9,200,1000,-9.189,161.921,-17.927,12.689,-3.869,218.30,1
236,C₉H₂₀O,1-nonanol,143-08-8,200,1000,10.350,19.105,19.007,-26.878,10.891,221.20,1
237,C₁₀F₂₂,docosafluorodecane,307-45-9,200,1000,4.042,240.657,-30.888,19.907,-5.219,442.15,1
238,C₁₀H₈,naphthalene,91-20-3,50,1000,2.889,14.306,15.978,-23.930,10.173,132.55,1
239,C₁₀H₁₄,butylbenzene,104-51-8,200,1000,6.490,19.080,15.665,-22.059,8.887,173.86,1
240,C₁₀H₁₄,"1,4-diethylbenzene",105-05-5,298,1000,-0.359,75.371,0.442,-5.736,2.783,176.15,1
241,C₁₀H₁₄,"1,2,4,5-tetramethylbenzene",95-93-2,298,1000,3.352,67.376,0.527,-4.883,2.290,186.50,1
242,C₁₀H₁₈,cis-bicyclo[4.4.0]decane (cis-decalin),493-01-6,298,1000,-5.445,80.068,5.065,-11.756,5.088,168.10,1
243,C₁₀H₁₈,trans-bicyclo[4.4.0]decane (trans-decalin),493-02-7,298,1000,-2.155,53.852,12.610,-20.981,9.066,168.60,1
244,C₁₀H₂₀,1-decene,872-05-9,200,1000,11.175,14.222,19.908,-27.488,11.012,221.97,1
245,C₁₀H₂₂,decane,124-18-5,200,1000,13.467,4.139,23.127,-30.477,11.970,233.05,1
246,C₁₀H₂₂,"2,2,5-trimethylheptane",20291-95-6,200,1000,-0.961,100.294,0.237,-6.883,3.357,229.20,1
247,C₁₀H₂₂,"3,3,5-trimethylheptane",7154-80-5,200,1000,-2.999,118.108,-4.182,-2.362,1.717,232.80,1
248,C₁₀H₂₂,"2,2,3,3-tetramethylhexane",13475-81-5,200,1000,-7.678,153.766,-12.616,6.171,-1.323,236.82,1
249,C₁₀H₂₂,"2,2,5,5-tetramethylhexane",1071-81-4,200,1000,-0.8,87.376,3.168,-9.35,4.141,228.78,1
250,C₁₀H₂₂O,1-decanol,112-30-1,200,1000,11.637,19.130,21.517,-30.271,12.247,243.80,1
251,C₁₁H₁₀,1-methylnaphthalene,90-12-0,298,1000,-5.637,98.625,-4.956,-1.033,1.281,159.30,1
252,C₁₁H₁₀,2-methylnaphthalene,91-57-6,298,1000,-4.671,93.882,-4.334,-1.331,1.317,154.60,1
253,C₁₁H₂₄O,1-undecanol,112-42-5,200,1000,12.923,18.973,24.124,-33.816,13.675,267.24,1
254,C₁₂H₁₀,"1,1'-biphenyl",92-52-4,200,1000,-0.843,61.392,6.352,-13.754,6.169,165.28,1
255,C₁₂H₁₂,"1,6-dimethylnaphthalene",575-43-9,298,1000,-4.332,103.947,-4.556,-1.769,1.571,185.10,1
256,C₁₂H₁₂,"2,7-dimethylnaphthalene",582-16-1,298,1000,-3.288,101.288,-4.748,-1.079,1.219,187.08,1
257,C₁₂H₁₈,"1,3,5-triethylbenzene",102-25-0,298,1000,1.319,87.791,1.406,-7.682,3.595,224.42,1
258,C₁₂H₂₄,1-dodecene,112-41-4,200,1000,13.617,15.108,24.747,-34.111,13.669,267.38,1
259,C₁₂H₂₆,dodecane,112-40-3,200,1000,17.229,-7.242,31.922,-42.322,17.022,278.33,1
260,C₁₂H₂₆O,1-dodecanol,112-53-8,200,1000,14.073,19.938,26.412,-36.989,14.951,289.95,1
261,C₁₃H₂₈,tridecane,629-50-5,200,1000,18.546,-7.636,34.604,-45.978,18.509,300.97,1
262,C₁₄H₁₀,phenanthrene,85-01-8,50,1000,2.374,38.372,16.471,-26.813,11.640,185.16,1
263,C₁₄H₁₀,anthracene,120-12-7,50,1000,2.577,31.826,18.811,-29.722,12.840,182.29,1
264,C₁₄H₃₀,tetradecane,629-59-4,200,1000,18.375,6.585,32.307,-42.663,16.590,323.61,1
265,C₁₅H₃₂,pentadecane,629-62-9,200,1000,21.180,-8.424,39.969,-53.290,21.482,346.25,1
266,C₁₆H₃₄,hexadecane,544-76-3,200,1000,39.747,-206.152,114.814,-155.548,67.534,368.89,1
267,C₁₇H₃₆,heptadecane,629-78-7,200,1000,23.813,-9.210,45.333,-60.601,24.455,391.53,1
268,C₁₈H₃₈,octadecane,593-45-3,200,1000,25.130,-9.603,48.015,-64.256,25.942,414.17,1
269,C₁₉H₄₀,nonadecane,629-92-5,200,1000,26.447,-9.998,50.697,-67.912,27.428,436.81,1
270,C₂₀H₄₂,eicosane,112-95-8,200,1000,27.764,-10.389,53.379,-71.567,28.914,459.45,1
271,ClD,deuterium chloride,7698-05-7,50,1000,3.917,-3.965,1.205,-1.323,0.521,29.17,1
272,ClFO₃,perchloryl fluoride,7616-94-6,298,1000,0.470,36.338,-4.796,3.147,-0.83,64.93,1
273,ClH,hydrogen chloride,7647-01-0,50,1000,3.827,-2.936,0.879,-1.031,0.439,29.17,1
274,Cl₂,chlorine,7782-50-5,50,1000,3.0560,5.3708,-0.8098,0.5693,-0.15256,29.14,1
275,DH,deuterium hydride,13983-20-5,50,1000,3.893,-3.508,1.083,-1.337,0.580,29.20,1
276,DI,deuterium iodide,14104-45-1,50,1000,3.741,-2.862,1.000,-1.051,0.382,29.36,1
277,D₂,deuterium,7782-39-0,50,1000,3.590,-0.462,0.057,0.036,-0.026,29.19,1
278,D₂O,deuterium oxide,7789-20-0,50,1000,4.274,-3.465,1.376,-1.482,0.568,34.26,1
279,D₂S,deuterium sulfide,13536-94-2,50,1000,4.290,-3.944,1.974,-2.268,0.872,36.13,1
280,D₃N,trideuteroammonia,13550-49-7,50,1000,4.090,-3.243,2.367,-0.264,0.961,38.23,1
281,FH,hydrogen fluoride,7664-39-3,50,1000,3.901,-3.708,1.165,-1.465,0.639,29.14,1
282,FNO₂,nitrogen dioxyfluoride,10022-50-1,298,1000,1.620,20.883,-2.512,1.586,-0.420,49.89,1
283,F₂,Fluorine,7782-41-4,50,1000,3.347,0.467,0.526,-0.794,0.330,31.30,1
284,F₂O,oxygen difluoride,7783-41-7,50,1000,3.437,5.527,0.502,-1.453,0.735,43.31,1
285,F₄S,sulfur tetrafluoride,7783-60-0,298,1000,-0.808,51.235,-8.251,6.335,-1.887,72.03,1
286,HI,hydrogen iodide,10034-85-2,50,1000,3.648,-1.392,0.389,-0.326,0.110,29.16,1
287,H₂,hydrogen,1333-74-0,50,1000,2.883,3.681,-0.772,0.692,-0.213,28.84,1
288,H₂O,water,7732-18-5,50,1000,4.395,-4.186,1.405,-1.564,0.632,33.58,1
289,H₂S,hydrogen sulfide,7783-06-4,50,1000,4.266,-3.438,1.319,-1.331,0.488,34.12,1
290,H₂S₂,dihydrogen disulfide,13465-07-1,50,1000,3.364,8.093,0.636,-1.991,1.048,49.21,1
291,H₃N,ammonia,7664-41-7,50,1000,4.238,-4.215,2.041,-2.126,0.761,35.65,1
292,H₄N₂,hydrazine,302-01-2,50,1000,3.627,2.239,2.876,-4.060,1.690,49.12,1
293,He,helium,9440-59-7,0,0,2.500,0.000,0.000,0.000,0.000,20.79,1
294,He,helium-3,14762-55-1,0,0,2.500,0.000,0.000,0.000,0.000,20.79,1
295,I2,iodine,7553-56-2,50,1000,3.508,6.303,-1.461,1.470,-0.531,36.88,1
296,Kr,krypton,7439-90-9,0,0,2.500,0.000,0.000,0.000,0.000,20.79,1
297,NO,nitrogen monoxide (nitric oxide),10102-43-9,50,1000,4.534,-7.644,2.066,-2.156,0.806,29.87,1
298,N₂,nitrogen,7727-37-9,50,1000,3.539,-0.261,0.007,0.157,-0.099,29.12,1
299,N₂O,dinitrogen oxide (nitrous oxide),10024-97-2,50,1000,3.165,3.401,0.989,-1.880,0.890,38.64,1
300,N₂O₄,dinitrogen tetroxide (nitrogen dioxide),10544-72-6,50,1000,3.374,27.257,-1.917,-0.616,0.859,81.07,1
301,Ne,neon,7440-01-9,0,0,2.500,0.000,0.000,0.000,0.000,20.79,1
302,O₂,oxygen,7782-44-7,50,1000,3.630,-1.794,0.658,-0.601,0.179,29.38,1
303,O₂S,sulfur dioxide,7446-09-5,50,1000,4.417,-2.234,2.344,-3.271,1.393,40.05,1
304,O₃,ozone,10028-15-6,50,1000,4.106,-3.809,3.131,-4.300,1.813,39.60,1
305,O₃S,sulfur trioxide,7446-11-9,50,1000,3.426,6.479,1.691,-3.356,1.590,50.86,1
306,Rn,radon,10043-92-2,0,0,2.500,0.000,0.000,0.000,0.000,20.79,1
307,S,sulfur,7704-34-9,50,1000,2.803,-0.036,0.143,-0.435,0.268,23.67,1
308,Xe,xenon,7440-63-3,0,0,2.500,0.000,0.000,0.000,0.000,20.79,1
