no.,Name,Formula,CAS no.,molecular weight,C1,C2,C3,C4,C5,Tmin,Cp × 1E-05,Tmax,Cp × 1E-05,Eq
,,,,MW,C1,C2,C3,C4,C5,Tmin,Cp(min),Tmax,Cp(max),-
-,-,-,-,-,1,1,1,1,1,K,J/kmol.K,K,J/kmol.K,J/kmol.K
1,Acetaldehyde,C2 H4O,75-07-0,44.053,115100.000,-4.3300E+02,1.4250E+00,,,150.15,0.8221,294.00,1.1097,1
2,Acetamide,C2 H5NO,60-35-5,59.067,102300.000,1.2870E+02,,,,354.15,1.4788,571.00,1.7579,1
3,Acetic acid,C2 H4O2,64-19-7,60.052,139640.000,-3.2080E+02,8.9850E-01,,,289.81,1.2213,391.05,1.5159,1
4,Acetic anhydride,C4 H6O3,108-24-7,102.089,36600.000,5.1100E+02,,,,250.00,1.6435,350.00,2.1545,1
5,Acetone,C3 H6O,67-64-1,58.079,135600.000,-1.7700E+02,2.8370E-01,6.8900E-04,,178.45,1.1696,329.44,1.3271,1
6,Acetonitrile,C2 H3N,75-05-8,41.052,97582.000,-1.2220E+02,3.4085E-01,,,229.32,0.8748,354.75,0.9713,1
7,Acetylene,C2 H2,74-86-2,26.037,-122020.000,3.0827E+03,-1.5895E+01,2.7732E-02,,192.40,0.8021,250.00,0.8853,1
8,Acrolein,C3 H4O,107-02-8,56.063,103090.000,-2.4780E+02,1.0343E+00,,,253.00,1.0660,379.50,1.5801,1
9,Acrylic acid,C3 H4O2,79-10-7,72.063,55300.000,3.0000E+02,,,,286.15,1.4114,375.00,1.6780,1
10,Acrylonitrile,C3 H3N,107-13-1,53.063,109900.000,-1.0975E+02,3.5441E-01,,,189.63,1.0183,400.00,1.2271,1
11,Air,Mixture,132259-10-0,28.960,-214460.000,9.1851E+03,-1.0612E+02,4.1616E-01,,75.00,0.5307,115.00,0.7132,1
12,Ammonia,H3N,7664-41-7,17.031,61.289,8.0925E+04,7.9940E+02,-2.6510E+03,,203.15,0.7575,401.15,4.1847,2
13,Anisole,C7 H8O,100-66-3,108.138,150940.000,9.3455E+01,2.3602E-01,,,298.15,1.9978,484.20,2.5153,1
14,Argon,Ar,7440-37-1,39.948,134390.000,-1.9894E+03,1.1043E+01,,,83.78,0.4523,135.00,0.6708,1
15,Benzamide,C7 H7NO,55-21-0,121.137,161440.000,2.6066E+02,,,,403.00,2.6649,563.15,3.0823,1
16,Benzene,C6 H6,71-43-2,78.112,129440.000,-1.6950E+02,6.4781E-01,,,278.68,1.3251,353.24,1.5040,1
16,Benzene,C6 H6,71-43-2,78.112,162940.000,-3.4494E+02,8.5562E-01,,,278.68,1.3326,500.00,2.0437,1
17,Benzenethiol,C6 H6S,108-98-5,110.177,119780.000,1.8034E+02,,,,258.27,1.6636,442.29,1.9954,1
18,Benzoic acid,C7 H6O2,65-85-0,122.121,-5480.000,6.4712E+02,,,,395.45,2.5042,450.00,2.8572,1
19,Benzonitrile,C7 H5N,100-47-0,103.121,93383.000,2.4261E+02,,,,260.40,1.5656,464.15,2.0599,1
20,Benzophenone,C13H10O,119-61-9,182.218,156130.000,4.5449E+02,,,,321.35,3.0218,640.00,4.4700,1
21,Benzyl alcohol,C7 H8O,100-51-6,108.138,-334997.000,3.6442E+03,-7.7751E+00,5.9110E-03,,257.85,1.8905,478.60,2.7617,1
22,Benzyl ethyl ether,C9 H12O,539-30-0,136.191,87500.000,4.8000E+02,,,,275.65,2.1981,458.15,3.0741,1
23,Benzyl mercaptan,C7 H8S,100-53-8,124.203,100320.000,3.4689E+02,,,,243.95,1.8494,472.03,2.6406,1
24,Biphenyl,C12H10,92-52-4,154.208,121770.000,4.2930E+02,,,,342.20,2.6868,533.37,3.5075,1
25,Bromine,Br2,7726-95-6,159.808,179400.000,-6.6711E+02,1.0701E+00,,,265.90,0.7768,331.90,0.7587,1
26,Bromobenzene,C6 H5Br,108-86-1,157.008,121600.000,-9.4500E+00,3.5800E-01,,,293.15,1.4960,495.08,2.0467,1
27,Bromoethane,C2 H5Br,74-96-4,108.965,94364.000,-1.0912E+02,4.4032E-01,,,160.00,0.8818,320.00,1.0453,1
28,Bromomethane,CH3Br,74-83-9,94.939,129730.000,-5.9654E+02,2.1600E+00,-2.4234E-03,,184.45,0.7798,276.71,0.7870,1
29,"1,2-Butadiene",C4 H6,590-19-2,54.090,135150.000,-3.1114E+02,9.7007E-01,-1.5230E-04,,136.95,1.1034,290.00,1.2279,1
30,"1,3-Butadiene",C4 H6,106-99-0,54.090,128860.000,-3.2310E+02,1.0150E+00,3.2000E-05,,165.00,1.0333,350.00,1.4148,1
31,Butane,C4 H10,106-97-8,58.122,191030.000,-1.6750E+03,1.2500E+01,-3.8740E-02,4.6121E-05,134.86,1.1272,400.00,2.2237,1
32,"1,2-Butanediol",C4 H10O2,584-03-2,90.121,55.136,3.1420E+05,2.8019E+02,1.4139E+03,,220.00,1.5590,670.00,5.2045,2
33,"1,3-Butanediol",C4 H10O2,107-88-0,90.121,42.152,3.2458E+05,5.1735E+02,1.4495E+03,,196.15,0.6251,670.00,5.2437,2
34,1-Butanol,C4 H10O,71-36-3,74.122,191200.000,-7.3040E+02,2.2998E+00,,,183.85,1.3465,391.90,2.5817,1
35,2-Butanol,C4 H10O,78-92-2,74.122,426790.000,-3.6946E+03,1.3828E+01,-1.3500E-02,,158.45,1.3485,372.90,2.7190,1
36,1-Butene,C4 H8,106-98-9,56.106,182050.000,-1.6110E+03,1.1963E+01,-3.7454E-02,4.5027E-05,87.80,1.1015,380.00,1.8103,1
37,cis-2-Butene,C4 H8,590-18-1,56.106,126680.000,-6.5470E+01,-6.4000E-01,2.9120E-03,,134.26,1.1340,350.00,1.5022,1
38,trans-2-Butene,C4 H8,624-64-6,56.106,112760.000,-1.0470E+02,5.2140E-01,,,167.62,1.0986,274.03,1.2322,1
39,Butyl acetate,C6 H12O2,123-86-4,116.158,111850.000,3.8452E+02,,,,298.15,2.2649,399.26,2.6537,1
40,Butylbenzene,C10H14,104-51-8,134.218,182470.000,-1.3912E+01,7.2897E-01,,,185.30,2.0492,400.00,2.9354,1
41,Butyl mercaptan,C4 H10S,109-79-5,90.187,232190.000,-8.0435E+02,2.7063E+00,-2.3017E-03,,157.46,1.6365,390.00,1.9359,1
42,sec-Butyl mercaptan,C4 H10S,513-53-1,90.187,197890.000,-4.9154E+02,1.7219E+00,-1.2499E-03,,133.02,1.6003,370.00,1.8844,1
43,1-Butyne,C4 H6,107-00-6,54.090,136340.000,-3.0040E+02,1.0216E+00,,,147.43,1.1426,298.15,1.3759,1
44,Butyraldehyde,C4 H8O,123-72-8,72.106,65682.000,1.3291E+03,-7.1579E+00,1.2755E-02,,176.75,1.4741,300.00,1.6459,1
45,Butyric acid,C4 H8O2,107-92-6,88.105,237700.000,-7.4640E+02,1.8290E+00,,,267.95,1.6902,436.42,2.6031,1
46,Butyronitrile,C4 H7N,109-74-0,69.105,104000.000,1.7400E+02,,,,161.25,1.3206,390.75,1.7199,1
47,Carbon dioxide,CO2,124-38-9,44.010,-8304300.000,1.0437E+05,-4.3333E+02,6.0052E-01,,220.00,0.7827,290.00,1.6603,1
48,Carbon disulfide,CS2,75-15-0,76.141,85600.000,-1.2200E+02,5.6050E-01,-1.4520E-03,2.0080E-06,161.11,0.7577,552.00,1.3125,1
49,Carbon monoxide,CO,630-08-0,28.010,65.429,2.8723E+04,-8.4739E+02,1.9596E+03,,68.15,0.5912,132.00,6.4799,2
50,Carbon tetrachloride,CCl4,56-23-5,153.823,-752700.000,8.9661E+03,-3.0394E+01,3.4455E-02,,250.33,1.2763,388.71,1.6374,1
51,Carbon tetrafluoride,CF4,75-73-0,88.004,104600.000,-5.0060E+02,2.2851E+00,,,89.56,0.7810,145.10,0.8007,1
52,Chlorine,Cl2,7782-50-5,70.906,63936.000,4.6350E+01,-1.6230E-01,,,172.12,0.6711,239.12,0.6574,1
53,Chlorobenzene,C6 H5Cl,108-90-7,112.557,-1307500.000,1.5338E+04,-5.3974E+01,6.3483E-02,,227.95,1.3617,360.00,1.8101,1
54,Chloroethane,C2 H5Cl,75-00-3,64.514,127900.000,-3.4515E+02,9.1500E-01,,,134.80,0.9800,340.00,1.1632,1
55,Chloroform,CHCl3,67-66-3,119.378,124850.000,-1.6634E+02,4.3209E-01,,,233.15,1.0956,366.48,1.2192,1
56,Chloromethane,CH3Cl,74-87-3,50.488,96910.000,-2.0790E+02,3.7456E-01,4.8800E-04,,175.43,0.7460,373.15,0.9684,1
57,1-Chloropropane,C3 H7Cl,540-54-5,78.541,132280.000,-1.5327E+02,5.0836E-01,,,150.35,1.2073,319.67,1.3523,1
58,2-Chloropropane,C3 H7Cl,75-29-6,78.541,69362.000,2.1501E+02,,,,200.00,1.1236,308.85,1.3577,1
59,m-Cresol,C7H8O,108-39-4,108.138,-246700.000,3.2568E+03,-7.4202E+00,6.0467E-03,,285.39,2.1895,400.00,2.5578,1
60,o-Cresol,C7H8O,95-48-7,108.138,-185150.000,3.1480E+03,-8.0367E+00,7.2540E-03,,304.20,2.3297,400.00,2.5243,1
61,p-Cresol,C7H8O,106-44-5,108.138,259980.000,-1.1123E+03,4.9427E+00,-5.4367E-03,,307.93,2.2740,400.00,2.5794,1
62,Cumene,C9H12,98-82-8,120.192,61723.000,4.9481E+02,,,,177.14,1.4937,425.56,2.7229,1
63,Cyanogen,C2N2,460-19-5,52.035,65516.000,1.4470E+02,6.3229E-02,,,200.08,0.9700,300.08,1.1463,1
64,Cyclobutane,C4H8,287-23-0,56.106,101920.000,-2.1581E+02,8.1030E-01,,,190.00,0.9017,298.15,1.0961,1
65,Cyclohexane,C6H12,110-82-7,84.159,-220600.000,3.1183E+03,-9.4216E+00,1.0687E-02,,279.69,1.4836,400.00,2.0323,1
66,Cyclohexanol,C6H12O,108-93-0,100.159,-40000.000,8.5300E+02,,,,296.60,2.1300,434.00,3.3020,1
67,Cyclohexanone,C6H10O,108-94-1,98.143,6110.400,6.0094E+02,,,,290.00,1.8038,489.75,3.0042,1
68,Cyclohexene,C6H10,110-83-8,82.144,105850.000,-6.0000E+01,6.8000E-01,,,169.67,1.1525,356.12,1.7072,1
69,Cyclopentane,C5H10,287-92-3,70.133,122530.000,-4.0380E+02,1.7344E+00,-1.0975E-03,,179.28,0.9956,322.40,1.3584,1
70,Cyclopentene,C5H8,142-29-0,68.117,125380.000,-3.4970E+02,1.1430E+00,,,138.13,0.9888,317.38,1.2953,1
71,Cyclopropane,C3H6,75-19-4,42.080,89952.000,-1.9663E+02,6.5237E-01,,,150.00,0.7514,298.15,0.8932,1
72,Cyclohexyl mercaptan,C6H12S,1569-69-3,116.224,177560.000,-1.7912E+02,7.6723E-01,,,189.64,1.7118,431.95,2.4334,1
73,Decanal,C10H20O,112-31-2,156.265,150460.000,5.8663E+02,,,,267.15,3.0718,488.15,4.3682,1
74,Decane,C10H22,124-18-5,142.282,278620.000,-1.9791E+02,1.0737E+00,,,243.51,2.9409,460.00,4.1478,1
75,Decanoic acid,C10H20O2,334-48-5,172.265,219840.000,1.4041E+02,9.9680E-01,,,304.75,3.5521,543.15,5.9017,1
76,1-Decanol,C10H22O,112-30-1,158.281,4988500.000,-5.2898E+04,2.1635E+02,-3.7538E-01,2.3674E-04,280.05,3.5373,503.00,5.0169,1
77,1-Decene,C10H20,872-05-9,140.266,417440.000,-1.6165E+03,5.3948E+00,-4.3480E-03,,206.89,2.7541,443.75,3.8250,1
78,Decyl mercaptan,C10H22S,143-10-2,174.347,314570.000,-1.6093E+02,9.5561E-01,,,247.56,3.3330,512.35,4.8297,1
79,1-Decyne,C10H18,764-93-2,138.250,276900.000,-3.7123E+02,1.5774E+00,,,229.15,2.7466,447.15,4.2629,1
80,Deuterium,D2,7782-39-0,4.032,,,,,,,,,,1
81,"1,1-Dibromoethane",C2H4Br2,557-91-5,187.861,149400.000,-2.3180E+02,5.9460E-01,,,210.15,1.2695,381.15,1.4743,1
82,"1,2-Dibromoethane",C2H4Br2,106-93-4,187.861,200560.000,-4.9144E+02,9.1870E-01,,,282.85,1.3506,410.00,1.5350,1
83,Dibromomethane,CH2Br2,74-95-3,173.835,202580.000,-7.2630E+02,1.3377E+00,,,240.00,1.0532,370.10,1.1701,1
84,Dibutyl ether,C8H18O,142-96-1,130.228,270720.000,-2.5983E+02,9.5427E-01,,,175.30,2.5450,450.00,3.4704,1
85,m-Dichlorobenzene,C6H4Cl2,541-73-1,147.002,114880.000,1.8725E+02,,,,248.39,1.6139,400.00,1.8978,1
86,o-Dichlorobenzene,C6H4Cl2,95-50-1,147.002,93093.000,1.8397E+02,2.3140E-01,,,273.15,1.6061,528.75,2.5506,1
87,p-Dichlorobenzene,C6H4Cl2,106-46-7,147.002,133950.000,-2.4840E+01,4.8191E-01,,,326.14,1.7711,513.56,2.4829,1
88,"1,1-Dichloroethane",C2H4Cl2,75-34-3,98.959,126340.000,-9.4630E+01,3.2000E-01,,,176.19,1.1960,330.45,1.3001,1
89,"1,2-Dichloroethane",C2H4Cl2,107-06-2,98.959,179170.000,-4.4474E+02,9.3009E-01,,,237.49,1.2601,356.59,1.3885,1
90,Dichloromethane,CH2Cl2,75-09-2,84.933,98968.000,-6.2941E+01,2.3265E-01,,,180.00,0.9518,320.00,1.0265,1
91,"1,1-Dichloropropane",C3H6Cl2,78-99-9,112.986,144560.000,-5.3605E+01,3.0617E-01,,,180.00,1.4483,361.25,1.6515,1
92,"1,2-Dichloropropane",C3H6Cl2,78-87-5,112.986,111560.000,1.4944E+02,,,,275.00,1.5266,369.52,1.6678,1
93,Diethanol amine,C4H11NO2,111-42-2,105.136,184200.000,2.8600E+02,,,,301.15,2.7033,541.54,3.3908,1
94,Diethyl amine,C4H11N,109-89-7,73.137,101330.000,2.4318E+02,,,,223.35,1.5564,328.60,1.8124,1
95,Diethyl ether,C4H10O,60-29-7,74.122,44400.000,1.3010E+03,-5.5000E+00,8.7630E-03,,156.92,1.4698,460.00,3.3202,1
96,Diethyl sulfide,C4H10S,352-93-2,90.187,238520.000,-1.0384E+03,4.0587E+00,-4.4691E-03,,181.95,1.5703,322.08,1.7579,1
97,"1,1-Difluoroethane ",C2H4F2,75-37-6,66.050,67.155,1.0558E+05,3.1021E+02,-4.9054E+02,,154.56,0.9915,359.98,1.6874,2
98,"1,2-Difluoroethane",C2H4F2,624-72-6,66.050,82577.000,1.0985E+02,,,,215.00,1.0619,283.65,1.1374,1
99,Difluoromethane,CH2F2,75-10-5,52.023,263980.000,-1.7911E+03,4.3666E+00,,,200.00,0.8042,250.00,0.8912,1
100,Di-isopropyl amine,C6H15N,108-18-9,101.190,98434.000,4.2904E+02,,,,275.00,2.1642,357.05,2.5162,1
101,Di-isopropyl ether,C6H14O,108-20-3,102.175,163000.000,-4.5000E+00,6.2000E-01,,,187.65,1.8399,341.45,2.3375,1
102,Di-isopropyl ketone,C7H14O,565-80-0,114.185,179270.000,2.8370E+01,5.3750E-01,,,204.81,2.0763,410.00,2.8126,1
103,"1,1-Dimethoxyethane",C4H10O2,534-15-6,90.121,187790.000,-3.1341E+02,1.1023E+00,,,159.95,1.6586,337.45,2.0755,1
104,"1,2-Dimethoxypropane",C5H12O2,7778-85-0,104.148,199930.000,-1.9150E+02,8.7664E-01,,,226.10,2.0145,366.15,2.4734,1
105,Dimethyl acetylene,C4H6,503-17-3,54.090,88153.000,1.2416E+02,,,,240.91,1.1806,300.13,1.2542,1
106,Dimethyl amine,C2H7N,124-40-3,45.084,-214870.000,3.7872E+03,-1.3781E+01,1.6924E-02,,180.96,1.1947,298.15,1.3779,1
107,"2,3-Dimethylbutane",C6H14,79-29-8,86.175,129450.000,1.8500E+01,6.0800E-01,,,145.19,1.4495,331.13,2.0224,1
108,"1,1-Dimethylcyclohexane",C8H16,590-66-9,112.213,134500.000,8.7650E+00,8.1151E-01,,,239.66,1.8321,392.70,2.6309,1
109,"cis-1,2-Dimethylcyclohexane",C8H16,2207-01-4,112.213,150130.000,-6.2380E+01,8.8510E-01,,,223.16,1.8029,402.94,2.6870,1
110,"trans-1,2-Dimethylcyclohexane",C8H16,6876-23-9,112.213,155560.000,-1.4526E+02,1.0932E+00,,,184.99,1.6610,396.58,2.6989,1
111,Dimethyl disulfide,C2H6S2,624-92-0,94.199,171580.000,-2.5667E+02,5.7270E-01,,,188.44,1.4355,360.00,1.5340,1
112,Dimethyl ether,C2H6O,115-10-6,46.068,110100.000,-1.5747E+02,5.1853E-01,,,131.65,0.9836,250.00,1.0314,1
113,"N,N-Dimethyl formamide",C3H7NO,68-12-2,73.094,147900.000,-1.0600E+02,3.8400E-01,,,273.82,1.4767,466.44,1.8200,1
114,"2,3-Dimethylpentane",C7H16,565-59-3,100.202,146420.000,5.9200E+01,6.0400E-01,,,90.00,1.5664,380.00,2.5613,1
115,Dimethyl phthalate,C10H10O4,131-11-3,194.184,206560.000,3.2575E+02,,,,274.16,2.9587,360.00,3.2383,1
116,Dimethylsilane,C2H8Si,1111-74-6,60.170,131810.000,,,,,298.15,1.3181,298.15,1.3181,1
117,Dimethyl sulfide,C2H6 S,75-18-3,62.134,146950.000,-3.8006E+02,1.2035E+00,-8.4787E-04,,174.88,1.1276,310.48,1.1959,1
118,Dimethyl sulfoxide,C2H6 OS,67-68-5,78.133,240300.000,-5.9500E+02,1.0130E+00,,,291.67,1.5293,422.15,1.6965,1
119,Dimethyl terephthalate,C10H10O4,120-61-6,194.184,190020.000,4.3104E+02,,,,423.40,3.7252,466.35,3.9104,1
120,"1,4-Dioxane",C4H8 O2,123-91-1,88.105,956860.000,-5.5599E+03,9.6124E+00,,,284.95,1.5306,374.47,2.2277,1
121,Diphenyl ether,C12H10O,101-84-8,170.207,134160.000,4.4767E+02,,,,300.03,2.6847,570.00,3.8933,1
122,Dipropyl amine,C6H15N,142-84-7,101.190,49120.000,5.6224E+02,,,,277.90,2.0537,407.90,2.7846,1
123,Dodecane,C12H26,112-40-3,170.335,508210.000,-1.3687E+03,3.1015E+00,,,263.57,3.6292,330.00,3.9429,1
124,Eicosane,C20H42,112-95-8,282.547,352720.000,8.0732E+02,2.1220E-01,,,309.58,6.2299,616.93,9.3154,1
125,Ethane,C2H6,74-84-0,30.069,44.009,8.9718E+04,9.1877E+02,-1.8860E+03,,92.00,0.6855,290.00,1.2444,2
126,Ethanol,C2H6 O,64-17-5,46.068,102640.000,-1.3963E+02,-3.0341E-02,2.0386E-03,,159.05,0.8787,390.00,1.6450,1
127,Ethyl acetate,C4H8 O2,141-78-6,88.105,226230.000,-6.2480E+02,1.4720E+00,,,189.60,1.6068,350.21,1.8796,1
128,Ethyl amine,C2H7 N,75-04-7,45.084,121700.000,3.8993E+01,,,,192.15,1.2919,289.73,1.3300,1
129,Ethylbenzene,C8H10,100-41-4,106.165,154040.000,-1.4229E+02,8.0539E-01,,,178.20,1.5426,409.35,2.3075,1
130,Ethyl benzoate,C9H10O2,93-89-0,150.175,124500.000,3.7060E+02,,,,238.45,2.1287,486.55,3.0482,1
131,2-Ethyl butanoic acid,C6H12O2,88-09-5,116.158,56359.000,6.0302E+02,,,,258.15,2.1203,466.95,3.3794,1
132,Ethyl butyrate,C6H12O2,105-54-4,116.158,82434.000,4.2245E+02,2.0992E-01,,,285.50,2.2015,428.25,3.0185,1
133,Ethylcyclohexane,C8H16,1678-91-7,112.213,132360.000,7.2740E+01,6.4738E-01,,,161.84,1.6109,404.95,2.6798,1
134,Ethylcyclopentane,C7H14,1640-89-7,98.186,178520.000,-5.1835E+02,2.3255E+00,-1.6818E-03,,134.71,1.4678,301.82,1.8767,1
135,Ethylene,C2H4,74-85-1,28.053,247390.000,-4.4280E+03,4.0936E+01,-1.6970E-01,2.6816E-04,104.00,0.7012,252.70,0.9758,1
136,Ethylenediamine,C2H8 N2,107-15-3,60.098,184440.000,-1.5020E+02,3.7044E-01,,,284.29,1.7168,390.41,1.8226,1
137,Ethylene glycol,C2H6 O2,107-21-1,62.068,35540.000,4.3678E+02,-1.8486E-01,,,260.15,1.3666,493.15,2.0598,1
138,Ethyleneimine,C2H5 N,151-56-4,43.068,46848.000,2.0535E+02,,,,250.00,0.9819,329.00,1.1441,1
139,Ethylene oxide,C2H4 O,75-21-8,44.053,144710.000,-7.5887E+02,2.8261E+00,-3.0640E-03,,160.65,0.8303,283.85,0.8693,1
140,Ethyl formate,C3H6 O2,109-94-4,74.079,80000.000,2.2360E+02,,,,254.20,1.3684,374.20,1.6367,1
141,2-Ethyl hexanoic acid,C8H16O2,149-57-5,144.211,207670.000,-1.7907E+01,1.0493E+00,,,235.00,2.6141,510.10,4.7157,1
142,Ethylhexyl ether,C8H18O,5756-43-4,130.228,146040.000,4.5822E+02,,,,298.15,2.8266,417.15,3.3719,1
143,Ethylisopropyl ether,C5H12O,625-54-7,88.148,106250.000,2.9215E+02,,,,298.15,1.9335,326.15,2.0153,1
144,Ethylisopropyl ketone,C6H12O,565-69-5,100.159,229250.000,-4.0454E+02,1.1382E+00,,,204.15,1.9410,386.55,2.4295,1
145,Ethyl mercaptan,C2H6 S,75-08-1,62.134,134670.000,-2.3439E+02,5.9656E-01,,,125.26,1.1467,315.25,1.2007,1
146,Ethyl propionate,C5H10O2,105-37-3,102.132,76330.000,4.0010E+02,,,,298.15,1.9562,410.00,2.4037,1
147,Ethylpropyl ether,C5H12O,628-32-0,88.148,103680.000,7.2630E+02,-2.6047E+00,4.0957E-03,,145.65,1.6686,320.00,2.0358,1
148,Ethyltrichlorosilane,C2H5 Cl3Si,115-21-9,163.506,105150.000,8.5318E+01,4.6693E-01,,,167.55,1.3255,371.05,2.0109,1
149,Fluorine,F2,7782-41-4,37.997,-94585.000,7.5299E+03,-1.3960E+02,1.1301E+00,-3.3241E-03,58.00,0.5541,98.00,0.5966,1
149,Fluorine,F2,7782-41-4,37.997,1724400.000,-5.9924E+04,5.3785E+02,,,53.48,0.5798,56.00,0.5535,1
150,Fluorobenzene,C6H5 F,462-06-6,96.102,-991200.000,1.1734E+04,-4.0669E+01,4.7333E-02,,239.99,1.3675,319.99,1.5018,1
151,Fluoroethane,C2H5 F,353-36-6,48.060,85663.000,-1.1856E+02,5.5459E-01,,,140.00,0.7994,240.00,0.8915,1
152,Fluoromethane,CH3F,593-53-3,34.033,74746.000,-1.3232E+02,5.3772E-01,,,140.00,0.6676,220.00,0.7166,1
153,Formaldehyde,CH2O,50-00-0,30.026,61900.000,2.8300E+01,,,,204.00,0.6767,234.00,0.6852,1
154,Formamide,CH3NO,75-12-7,45.041,63400.000,1.5060E+02,,,,292.00,1.0738,493.00,1.3765,1
155,Formic acid,CH2O2,64-18-6,46.026,78060.000,7.1540E+01,,,,281.45,0.9820,380.00,1.0525,1
156,Furan,C4H4 O,110-00-9,68.074,114370.000,-2.1569E+02,7.2691E-01,,,187.55,0.9949,304.50,1.1609,1
157,Helium-4,He,7440-59-7,4.003,387220.000,-4.6557E+05,2.1180E+05,-4.2494E+04,3.2129E+03,2.20,0.1087,4.60,0.2965,1
157,Helium-4,He,7440-59-7,4.003,410430.000,-4.6489E+05,1.3510E+05,,,1.80,0.1135,2.10,0.2995,1
158,Heptadecane,C17H36,629-78-7,240.468,376970.000,3.4782E+02,5.7895E-01,,,295.13,5.3005,575.30,7.6869,1
159,Heptanal,C7H14O,111-71-7,114.185,222360.000,-1.0517E+02,6.5074E-01,,,229.80,2.3256,381.25,2.7685,1
160,Heptane,C7H16,142-82-5,100.202,61.260,3.1441E+05,1.8246E+03,-2.5479E+03,,182.57,1.9989,520.00,4.0657,2
161,Heptanoic acid,C7H14O2,111-14-8,130.185,194570.000,-2.3206E+01,8.8395E-01,,,265.83,2.5087,496.15,4.0065,1
162,1-Heptanol,C7H16O,111-70-6,116.201,2416800.000,-2.6105E+04,1.1003E+02,-1.9172E-01,1.1968E-04,239.15,2.3590,448.60,3.8766,1
163,2-Heptanol,C7H16O,543-49-7,116.201,283127.000,-1.0376E+03,3.4406E+00,,,230.00,2.2649,432.90,4.7873,1
164,3-Heptanone,C7H14O,106-35-4,114.185,270730.000,-3.9989E+02,1.0601E+00,,,234.15,2.3522,480.00,3.2303,1
165,2-Heptanone,C7H14O,110-43-0,114.185,265040.000,-3.7568E+02,1.0024E+00,,,238.15,2.3242,490.00,3.2163,1
166,1-Heptene,C7H14,592-76-7,98.186,267950.000,-1.3159E+03,6.5242E+00,-1.1994E-02,9.3808E-06,154.12,1.8150,366.79,2.4096,1
167,Heptyl mercaptan,C7H16S,1639-09-4,132.267,236870.000,-1.5801E+02,7.8982E-01,,,229.92,2.4229,460.00,3.3131,1
168,1-Heptyne,C7H12,628-71-7,96.170,46798.000,7.6113E+02,-6.2882E-01,,,200.00,1.7387,372.93,2.4319,1
169,Hexadecane,C16H34,544-76-3,226.441,370350.000,2.3147E+02,6.8632E-01,,,291.31,4.9602,560.01,7.1521,1
170,Hexanal,C6H12O,66-25-1,100.159,117700.000,3.2952E+02,,,,217.15,1.8926,401.45,2.4999,1
171,Hexane,C6H14,110-54-3,86.175,172120.000,-1.8378E+02,8.8734E-01,,,177.83,1.6750,460.00,2.7534,1
172,Hexanoic acid,C6H12O2,142-62-1,116.158,161980.000,4.4116E+01,7.0900E-01,,,269.25,2.2526,478.85,3.4568,1
173,1-Hexanol,C6H14O,111-27-3,102.175,1638600.000,-1.7261E+04,7.1721E+01,-1.2026E-01,7.1087E-05,228.55,1.9821,460.00,3.5197,1
174,2-Hexanol,C6H14O,626-93-7,102.175,267628.000,-1.0331E+03,3.3519E+00,,,223.00,2.0394,585.30,8.1124,1
175,2-Hexanone,C6H12O,591-78-6,100.159,208250.000,-1.0747E+02,2.0620E-01,7.0293E-04,,217.35,2.0185,460.00,2.7087,1
176,3-Hexanone,C6H12O,589-38-8,100.159,235960.000,-3.4594E+02,9.4278E-01,,,217.50,2.0532,460.00,2.7632,1
177,1-Hexene,C6H12,592-41-6,84.159,164640.000,-2.0037E+02,8.7840E-01,,,133.39,1.5354,336.63,1.9673,1
178,3-Hexyne,C6 H10,928-49-4,82.144,82795.000,2.8340E+02,,,,300.00,1.6781,354.35,1.8322,1
179,Hexyl mercaptan,C6 H14S,111-31-9,118.240,303320.000,-1.0090E+03,3.3885E+00,-2.7620E-03,,192.62,2.1495,430.00,2.7639,1
180,1-Hexyne,C6 H10,693-02-7,82.144,93000.000,3.2600E+02,,,,200.00,1.5820,344.48,2.0530,1
181,2-Hexyne,C6 H10,764-35-2,82.144,94860.000,2.5415E+02,,,,300.00,1.7110,357.67,1.8576,1
182,Hydrazine,H4N2,302-01-2,32.045,79815.000,5.0929E+01,4.3379E-02,,,274.69,0.9708,653.15,1.3158,1
183,Hydrogen ,H2,1333-74-0,2.016,66.653,6.7659E+03,-1.2363E+02,4.7827E+02,,13.95,0.1262,32.00,1.3122,2
184,Hydrogen bromide,HBr,10035-10-6,80.912,57720.000,9.9000E+00,,,,185.15,0.5955,206.45,0.5976,1
185,Hydrogen chloride,HCl,7647-01-0,36.461,47300.000,9.0000E+01,,,,165.00,0.6215,185.00,0.6395,1
186,Hydrogen cyanide,CHN,74-90-8,27.025,95398.000,-1.9752E+02,3.8830E-01,,,259.83,0.7029,298.85,0.7105,1
187,Hydrogen fluoride,HF,7664-39-3,20.006,62520.000,-2.2302E+02,6.2970E-01,,,189.79,0.4288,292.67,0.5119,1
188,Hydrogen sulfide ,H2S,7783-06-4,34.081,64.666,4.9354E+04,2.2493E+01,-1.6230E+03,,187.68,0.6733,370.00,4.9183,2
189,Isobutyric acid,C4 H8O2,79-31-2,88.105,127540.000,-6.5350E+01,8.2867E-01,,,270.00,1.7031,427.65,2.5114,1
190,Isopropyl amine,C3 H9N,75-31-0,59.110,-32469.000,1.9771E+03,-7.0145E+00,8.6913E-03,,177.95,1.4621,320.00,1.6671,1
191,Malonic acid,C3 H4O4,141-82-2,104.061,157850.000,-4.1619E+01,4.2817E-01,,,407.95,2.1213,603.75,2.8880,1
192,Methacrylic acid,C4 H6O2,79-41-4,86.089,146290.000,-5.8590E+01,3.5820E-01,,,288.15,1.5915,434.15,1.8837,1
193,Methane ,CH4,74-82-8,16.042,65.708,3.8883E+04,-2.5795E+02,6.1407E+02,,90.69,0.5361,190.00,14.9780,2
194,Methanol,CH4O,67-56-1,32.042,105800.000,-3.6223E+02,9.3790E-01,,,175.47,0.7112,400.00,1.1097,1
195,N-Methyl acetamide,C3 H7NO,79-16-3,73.094,62600.000,2.4340E+02,,,,359.00,1.4998,538.50,1.9367,1
196,Methyl acetate,C3 H6O2,79-20-9,74.079,61260.000,2.7090E+02,,,,253.40,1.2991,373.40,1.6241,1
197,Methyl acetylene,C3 H4,74-99-7,40.064,79791.000,8.9490E+01,,,,200.00,0.9769,249.94,1.0216,1
198,Methyl acrylate,C4 H6O2,96-33-3,86.089,275500.000,-1.1470E+03,2.5680E+00,,,196.32,1.4930,353.35,1.9084,1
199,Methyl amine,CH5N,74-89-5,31.057,92520.000,3.7450E+01,,,,179.69,0.9925,266.82,1.0251,1
200,Methyl benzoate,C8 H8O2,93-58-3,136.148,125630.000,2.7975E+02,,,,260.75,1.9857,472.65,2.5785,1
201,"3-Methyl-1,2-butadiene",C5 H8,598-25-4,68.117,135370.000,-1.3334E+02,6.3868E-01,,,159.53,1.3035,314.56,1.5662,1
202,2-Methylbutane,C5 H12,78-78-4,72.149,108300.000,1.4600E+02,-2.9200E-01,1.5100E-03,,113.25,1.2328,310.00,1.7048,1
203,2-Methylbutanoic acid,C5 H10O2,116-53-0,102.132,74200.000,4.1740E+02,,,,321.50,2.0839,481.50,2.7518,1
204,3-Methyl-1-butanol,C5 H12O,123-51-3,88.148,247870.000,-1.1450E+03,3.4223E+00,,,155.95,1.5254,404.15,3.4411,1
205,2-Methyl-1-butene,C5 H10,563-46-2,70.133,149510.000,-2.4763E+02,9.1849E-01,,,135.58,1.3282,304.31,1.5921,1
206,2-Methyl-2-butene,C5 H10,513-35-9,70.133,151600.000,-2.6672E+02,9.0847E-01,,,139.39,1.3207,311.71,1.5673,1
207,2-Methyl-1-butene-3-yne,C5 H6,78-80-8,66.101,81919.000,1.8101E+02,,,,298.15,1.3589,305.40,1.3720,1
208,Methylbutyl ether,C5 H12O,628-28-4,88.148,177850.000,-1.7157E+02,7.4379E-01,,,157.48,1.6928,343.31,2.0661,1
209,Methylbutyl sulfide,C5 H12S,628-29-5,104.214,198390.000,-2.2035E+02,7.6096E-01,,,175.30,1.8315,510.00,2.8394,1
210,3-Methyl-1-butyne,C5 H8,598-23-2,68.117,105200.000,1.9110E+02,,,,200.00,1.4342,299.49,1.6243,1
211,Methyl butyrate,C5 H10O2,623-42-7,102.132,102930.000,1.2910E+02,6.2516E-01,,,277.25,1.8678,415.87,2.6474,1
212,Methylchlorosilane,CH5ClSi,993-00-0,80.589,47726.000,3.3840E+02,,,,250.00,1.3233,325.00,1.5771,1
213,Methylcyclohexane,C7 H14,108-87-2,98.186,131340.000,-6.3100E+01,8.1250E-01,,,146.58,1.3955,320.00,1.9435,1
214,1-Methylcyclohexanol,C7 H14O,590-67-0,114.185,50578.000,5.0859E+02,,,,300.00,2.0315,441.15,2.7494,1
215,cis-2-Methylcyclohexanol,C7 H14O,7443-70-1,114.185,118600.000,4.4707E+02,,,,300.00,2.5272,438.15,3.1448,1
216,trans-2-Methylcyclohexanol,C7 H14O,7443-52-9,114.185,118170.000,4.4799E+02,,,,300.00,2.5257,440.15,3.1535,1
217,Methylcyclopentane,C6 H12,96-37-7,84.159,155920.000,-4.9000E+02,2.1383E+00,-1.5585E-03,,130.73,1.2492,366.48,1.8682,1
218,1-Methylcyclopentene,C6 H10,693-89-0,82.144,53271.000,3.2792E+02,,,,200.00,1.1885,348.64,1.6760,1
219,3-Methylcyclopentene,C6 H10,1120-62-3,82.144,46457.000,3.4693E+02,,,,200.00,1.1584,338.05,1.6374,1
220,Methyldichlorosilane,CH4Cl2Si,75-54-7,115.034,27030.000,4.1300E+02,,,,250.00,1.3028,350.00,1.7158,1
221,Methylethyl ether,C3 H8O,540-67-0,60.095,85383.000,1.9908E+02,-6.1547E-02,,,160.00,1.1566,280.50,1.3638,1
222,Methylethyl ketone,C4 H8O,78-93-3,72.106,132300.000,2.0087E+02,-9.5970E-01,1.9533E-03,,186.48,1.4905,373.15,1.7511,1
223,Methylethyl sulfide,C3 H8S,624-89-5,76.161,161240.000,-2.8861E+02,7.8179E-01,,,167.23,1.3484,339.80,1.5344,1
224,Methyl formate,C2 H4O2,107-31-3,60.052,130200.000,-3.9600E+02,1.2100E+00,,,174.15,0.9793,304.90,1.2195,1
225,Methylisobutyl ether,C5 H12O,625-44-5,88.148,92919.000,3.2443E+02,,,,298.15,1.8965,350.00,2.0647,1
226,Methylisobutyl ketone,C6 H12O,108-10-1,100.159,183650.000,-7.9862E+01,6.0769E-01,,,189.15,1.9029,389.15,2.4460,1
227,Methyl Isocyanate,C2 H3NO,624-83-9,57.051,149770.000,-5.2982E+02,1.3499E+00,,,256.15,1.0263,366.00,1.3668,1
228,Methylisopropyl ether,C4 H10O,598-53-8,74.122,143440.000,-1.5407E+02,7.2550E-01,,,127.93,1.3560,310.00,1.6540,1
229,Methylisopropyl ketone,C5 H10O,563-80-4,86.132,191170.000,-3.3104E+02,9.8445E-01,,,180.15,1.6348,440.00,2.3610,1
230,Methylisopropyl sulfide,C4 H10S,1551-21-9,90.187,211170.000,-6.6197E+02,2.4216E+00,-2.1383E-03,,171.64,1.5808,357.91,1.8641,1
231,Methyl mercaptan,CH4S,74-93-1,48.107,115300.000,-2.6323E+02,6.0412E-01,,,150.18,0.8939,298.15,0.9052,1
232,Methyl methacrylate,C5 H8O2,80-62-6,100.116,255100.000,-9.3840E+02,2.4130E+00,,,224.95,1.6611,373.45,2.4118,1
233,2-Methyloctanoic acid,C9 H18O2,3004-93-1,158.238,226650.000,1.5421E+01,1.0578E+00,,,240.00,2.9128,518.15,5.1864,1
234,2-Methylpentane,C6 H14,107-83-5,86.175,142220.000,-4.7830E+01,7.3900E-01,,,119.55,1.4706,333.41,2.0842,1
235,Methyl pentyl ether,C6 H14O,628-80-8,102.175,251890.000,-4.6832E+02,1.2209E+00,,,176.00,2.0728,372.00,2.4663,1
236,2-Methylpropane,C4 H10,75-28-5,58.122,172370.000,-1.7839E+03,1.4759E+01,-4.7909E-02,5.8050E-05,113.54,0.9961,380.00,2.0725,1
237,2-Methyl-2-propanol,C4H10O,75-65-0,74.122,-925460.000,7.8949E+03,-1.7661E+01,1.3617E-02,,298.96,2.2016,460.00,2.9455,1
238,2-Methyl propene,C4H8,115-11-7,56.106,87680.000,2.1710E+02,-9.1530E-01,2.2660E-03,,132.81,1.0568,343.15,1.4596,1
239,Methyl propionate,C4H8O2,554-12-1,88.105,71140.000,3.3550E+02,,,,300.00,1.7179,390.00,2.0198,1
240,Methylpropyl ether,C4H10O,557-17-5,74.122,144110.000,-1.0209E+02,5.8113E-01,,,133.97,1.4086,312.20,1.6888,1
241,Methylpropyl sulfide,C4H10S,3877-15-4,90.187,179850.000,-2.6410E+02,7.9202E-01,,,160.17,1.5787,368.69,1.9014,1
242,Methylsilane,CH6Si,992-94-9,46.144,113470.000,,,,,298.15,1.1347,298.15,1.1347,1
243,alpha-Methyl styrene,C9H10,98-83-9,118.176,76822.000,4.2160E+02,,,,249.95,1.8220,438.65,2.6176,1
244,Methyl tert-butyl ether,C5H12O,1634-04-4,88.148,134300.000,9.4356E+01,-3.2000E-03,9.7950E-04,,164.55,1.5410,328.18,1.9954,1
245,Methyl vinyl ether,C3H6O,107-25-5,58.079,73600.000,1.8470E+02,,,,151.15,1.0152,278.65,1.2507,1
246,Naphthalene,C10H8,91-20-3,128.171,29800.000,5.2750E+02,,,,353.43,2.1623,491.14,2.8888,1
247,Neon,Ne,7440-01-9,20.180,1034100.000,-1.3877E+05,7.1540E+03,-1.6255E+02,1.3841E+00,24.56,0.3666,40.00,0.6980,1
248,Nitroethane,C2H5NO2,79-24-3,75.067,187740.000,-4.9760E+02,1.0691E+00,,,183.63,1.3242,387.22,1.5536,1
249,Nitrogen,N2,7727-37-9,28.013,281970.000,-1.2281E+04,2.4800E+02,-2.2182E+00,7.4902E-03,63.15,0.5593,112.00,0.7960,1
250,Nitrogen trifluoride,F3N,7783-54-2,71.002,101400.000,-6.8211E+02,3.8912E+00,,,117.00,0.7486,175.50,1.0154,1
251,Nitromethane,CH3NO2,75-52-5,61.040,116270.000,-1.3530E+02,3.4500E-01,,,244.60,1.0382,473.15,1.2949,1
252,Nitrous oxide,N2O,10024-97-2,44.013,67556.000,5.4373E+01,,,,182.30,0.7747,200.00,0.7843,1
253,Nitric oxide,NO,10102-43-9,30.006,-2979600.000,7.6602E+04,-6.5259E+02,1.8879E+00,,109.50,0.6229,150.00,1.9909,1
254,Nonadecane,C19H40,629-92-5,268.521,342570.000,7.6208E+02,2.0481E-01,,,305.04,5.9409,603.05,8.7663,1
255,Nonanal,C9H18O,124-19-6,142.239,136820.000,5.3129E+02,,,,255.15,2.7238,468.15,3.8554,1
256,Nonane,C9H20,111-84-2,128.255,383080.000,-1.1398E+03,2.7101E+00,,,219.66,2.6348,325.00,2.9890,1
257,Nonanoic acid,C9H18O2,112-05-0,158.238,224336.000,4.9726E+01,9.8130E-01,,,285.55,3.1855,528.75,5.2498,1
258,1-Nonanol,C9H20O,143-08-8,144.255,10483000.000,-1.1522E+05,4.7687E+02,-8.5381E-01,5.6246E-04,310.00,3.5059,460.00,4.6494,1
259,2-Nonanol,C9H20O,628-99-9,144.255,329641.000,-1.0468E+03,3.6182E+00,,,238.15,2.8555,649.50,11.7608,1
260,1-Nonene,C9H18,124-11-8,126.239,254490.000,-2.9806E+02,1.1707E+00,,,191.91,2.4041,420.02,3.3583,1
261,Nonyl mercaptan,C9H20S,1455-21-6,160.320,265350.000,-4.6220E+01,7.9154E-01,,,253.05,3.0434,492.95,4.3491,1
262,1-Nonyne,C9H16,3452-09-3,124.223,253580.000,-3.6630E+02,1.4881E+00,,,223.15,2.4594,423.85,3.6566,1
263,Octadecane,C18H38,593-45-3,254.494,399430.000,3.7464E+02,5.8156E-01,,,301.31,5.6511,589.86,8.2276,1
264,Octanal,C8H16O,124-13-0,128.212,130650.000,4.6361E+02,,,,246.00,2.4470,447.15,3.3795,1
265,Octane,C8H18,111-65-9,114.229,224830.000,-1.8663E+02,9.5891E-01,,,216.38,2.2934,460.00,3.4189,1
266,Octanoic acid,C8H16O2,124-07-2,144.211,205260.000,4.4392E+01,8.9560E-01,,,289.65,2.9326,512.85,4.6358,1
267,1-Octanol,C8H18O,111-87-5,130.228,571370.000,-4.8490E+03,1.9725E+01,-2.1532E-02,,250.00,2.5550,467.10,4.1566,1
268,2-Octanol,C8H18O,123-96-6,130.228,319198.000,-1.0422E+03,3.5294E+00,,,241.55,2.7338,452.90,5.7113,1
269,2-Octanone,C8H16O,111-13-7,128.212,300400.000,-4.2620E+02,1.1172E+00,,,252.86,2.6406,500.00,3.6660,1
270,3-Octanone,C8H16O,106-68-3,128.212,289980.000,-4.1727E+02,1.2218E+00,,,255.55,2.6314,440.65,3.4335,1
271,1-Octene,C8H16,111-66-0,112.213,509420.000,-4.2791E+03,2.1477E+01,-4.4462E-02,3.5028E-05,171.45,2.1327,394.41,2.8235,1
272,Octyl mercaptan,C8H18S,111-88-6,146.294,240040.000,-3.3198E+01,6.7889E-01,,,240.00,2.7118,472.19,3.7573,1
273,1-Octyne,C8H14,629-05-0,110.197,42642.000,8.8667E+02,-6.9315E-01,,,200.00,1.9225,399.35,2.8619,1
274,Oxalic acid,C2H2O4,144-62-7,90.035,175510.000,-3.8136E+02,6.4623E-01,,,462.65,1.3740,603.00,1.8052,1
275,Oxygen,O2,7782-44-7,31.999,175430.000,-6.1523E+03,1.1392E+02,-9.2382E-01,2.7963E-03,54.36,0.5365,142.00,0.9066,1
276,Ozone,O3,10028-15-6,47.998,60046.000,2.8116E+02,,,,90.00,0.8535,150.00,1.0222,1
277,Pentadecane,C15H32,629-62-9,212.415,346910.000,2.1954E+02,6.5632E-01,,,283.07,4.6165,543.84,6.6042,1
278,Pentanal,C5H10O,110-62-3,86.132,112050.000,2.5778E+02,,,,200.00,1.6361,376.15,2.0901,1
279,Pentane,C5H12,109-66-0,72.149,159080.000,-2.7050E+02,9.9537E-01,,,143.42,1.4076,390.00,2.0498,1
280,Pentanoic acid,C5H10O2,109-52-4,102.132,145050.000,2.8344E+01,6.3720E-01,,,239.15,1.8827,458.95,2.9228,1
281,1-Pentanol,C5H12O,71-41-0,88.148,201200.000,-6.5130E+02,2.2750E+00,,,200.14,1.6198,389.15,2.9227,1
282,2-Pentanol,C5H12O,6032-29-7,88.148,251596.000,-1.0285E+03,3.2631E+00,,,200.00,1.7642,561.00,7.0158,1
283,2-Pentanone,C5H10O,107-87-9,86.132,194590.000,-2.6386E+02,7.6808E-01,,,196.29,1.7239,375.46,2.0380,1
284,3-Pentanone,C5H10O,96-22-0,86.132,193020.000,-1.7643E+02,5.6690E-01,,,234.18,1.8279,375.14,2.0661,1
285,1-Pentene,C5H10,109-67-1,70.133,156100.000,-4.5694E+02,2.2550E+00,-3.1630E-03,2.3800E-06,108.02,1.2939,350.00,1.7251,1
286,2-Pentyl mercaptan,C5H12S,2084-19-7,104.214,188200.000,-1.4084E+02,6.3581E-01,,,160.75,1.8199,385.15,2.2827,1
287,Pentyl mercaptan,C5H12S,110-66-7,104.214,213760.000,-3.2440E+02,9.4720E-01,,,197.45,1.8664,399.79,2.3546,1
288,1-Pentyne,C5H8,627-19-0,68.117,86200.000,2.5660E+02,,,,200.00,1.3752,313.33,1.6660,1
289,2-Pentyne,C5H8,627-21-4,68.117,68671.000,2.4666E+02,,,,200.00,1.1800,329.27,1.4989,1
290,Phenanthrene,C14H10,85-01-8,178.229,103370.000,5.2703E+02,,,,372.39,2.9963,500.00,3.6688,1
291,Phenol,C6H6O,108-95-2,94.111,101720.000,3.1761E+02,,,,314.06,2.0147,425.00,2.3670,1
292,Phenyl isocyanate,C7H5NO,103-71-9,119.121,60834.000,2.1589E+02,2.9552E-01,,,243.15,1.3080,489.75,2.3745,1
293,Phthalic anhydride,C8H4O3,85-44-9,148.116,145400.000,2.5240E+02,,,,404.15,2.4741,557.65,2.8615,1
294,Propadiene,C3H4,463-49-0,40.064,66230.000,9.8275E+01,,,,200.00,0.8589,238.65,0.8968,1
295,Propane ,C3H8,74-98-6,44.096,62.983,1.1363E+05,6.3321E+02,-8.7346E+02,,85.47,0.8488,360.00,2.6079,2
296,1-Propanol,C3H8O,71-23-8,60.095,158760.000,-6.3500E+02,1.9690E+00,,,146.95,1.0797,400.00,2.1980,1
297,2-Propanol,C3H8O,67-63-0,60.095,471710.000,-4.1721E+03,1.4745E+01,-1.4400E-02,,185.26,1.1329,355.30,2.0487,1
298,Propenylcyclohexene,C9H14,13511-13-2,122.207,201400.000,-4.5060E+02,1.7053E+00,,,199.00,1.7926,431.65,3.2463,1
299,Propionaldehyde,C3H6O,123-38-6,58.079,99306.000,1.1573E+02,,,,200.00,1.2245,328.75,1.3735,1
300,Propionic acid,C3H6O2,79-09-4,74.079,213660.000,-7.0270E+02,1.6605E+00,,,252.45,1.4209,414.32,2.0756,1
301,Propionitrile,C3H5N,107-12-0,55.079,118190.000,-1.2098E+02,4.2075E-01,,,180.26,1.1005,370.50,1.3112,1
302,Propyl acetate,C5H10O2,109-60-4,102.132,83400.000,3.8410E+02,,,,274.70,1.8891,404.70,2.3885,1
303,Propyl amine,C3H9N,107-10-8,59.110,139530.000,7.8000E+01,,,,188.36,1.5422,340.00,1.6605,1
304,Propylbenzene,C9H12,103-65-1,120.192,174380.000,-1.0180E+02,7.9000E-01,,,173.55,1.8051,432.39,2.7806,1
305,Propylene,C3H6,115-07-1,42.080,114140.000,-3.4372E+02,1.0905E+00,,,87.89,0.9235,225.45,0.9208,1
306,Propyl formate,C4H8O2,110-74-7,88.105,75700.000,3.2610E+02,,,,298.15,1.7293,398.15,2.0554,1
307,2-Propyl mercaptan,C3H2S,75-33-2,76.161,138390.000,-1.1711E+02,4.7059E-01,,,142.61,1.3126,350.00,1.5505,1
308,Propyl mercaptan,C3H8S,107-03-9,76.161,167330.000,-3.1910E+02,8.1270E-01,,,159.95,1.3708,340.87,1.5299,1
309,"1,2-Propylene glycol",C3H8O2,57-55-6,76.094,58080.000,4.4520E+02,,,,213.15,1.5297,460.75,2.6321,1
310,Quinone,C6H4O2,106-51-4,108.095,45810.000,3.6833E+02,,,,388.85,1.8904,683.00,2.9738,1
311,Silicon tetrafluoride,F4Si,7783-61-1,104.079,829380.000,-7.3315E+03,1.9203E+01,,,186.35,1.3000,253.15,2.0403,1
312,Styrene,C8H8,100-42-5,104.149,113340.000,2.9020E+02,-6.0510E-01,1.3567E-03,,242.54,1.6749,418.31,2.2816,1
313,Succinic acid,C4H6O4,110-15-6,118.088,244770.000,-2.3696E+02,6.3148E-01,,,460.65,2.6961,604.50,3.3228,1
314,Sulfur dioxide,O2S,7446-09-5,64.064,85743.000,5.7443E+00,,,,197.67,0.8688,350.00,0.8775,1
315,Sulfur hexafluoride,F6S,2551-62-4,146.055,119500.000,,,,,230.15,1.1950,230.15,1.1950,1
316,Sulfur trioxide,O3S,7446-11-9,80.063,258090.000,,,,,303.15,2.5809,303.15,2.5809,1
317,Terephthalic acid,C8H6O4,100-21-0,166.131,,,,,,,,,,1
318,o-Terphenyl,C18H14,84-15-1,230.304,182900.000,6.3509E+02,,,,329.35,3.9207,609.15,5.6977,1
319,Tetradecane,C14H30,629-59-4,198.388,353140.000,2.9130E+01,8.6116E-01,,,279.01,4.2831,526.73,6.0741,1
320,Tetrahydrofuran,C4H8O,109-99-9,72.106,171730.000,-8.0047E+02,2.8934E+00,-2.5015E-03,,164.65,1.0721,339.12,1.3546,1
321,"1,2,3,4-Tetrahydronaphthalene",C10H12,119-64-2,132.202,81760.000,4.5538E+02,,,,237.38,1.8986,480.77,3.0069,1
322,Tetrahydrothiophene,C4H8S,110-01-0,88.171,123300.000,-1.3010E+02,6.2290E-01,,,176.98,1.1979,394.27,1.6883,1
323,"2,2,3,3-Tetramethylbutane",C8H18,594-82-1,114.229,43326.000,6.3073E+02,,,,375.41,2.8011,426.00,3.1202,1
324,Thiophene,C4H4S,110-02-1,84.140,84864.000,9.1725E+01,1.3243E-01,,,234.94,1.1372,357.31,1.3455,1
325,Toluene,C7H8,108-88-3,92.138,140140.000,-1.5230E+02,6.9500E-01,,,178.18,1.3507,500.00,2.3774,1
326,"1,1,2-Trichloroethane",C2H3Cl3,79-00-5,133.404,103350.000,1.5930E+02,,,,236.50,1.4102,300.00,1.5114,1
327,Tridecane,C13H28,629-50-5,184.361,350180.000,-1.0470E+02,1.0022E+00,,,267.76,3.9400,508.62,5.5619,1
328,Triethyl amine,C6H15N,121-44-8,101.190,111480.000,3.6813E+02,,,,200.00,1.8511,361.92,2.4471,1
329,Trimethyl amine,C3H9N,75-50-3,59.110,136050.000,-2.8800E+02,9.9130E-01,,,156.08,1.1525,276.02,1.3208,1
330,"1,2,3-Trimethylbenzene",C9H12,526-73-8,120.192,119450.000,3.2454E+02,,,,247.79,1.9987,449.27,2.6526,1
331,"1,2,4-Trimethylbenzene",C9H12,95-63-6,120.192,178800.000,-1.2847E+02,8.3741E-01,,,229.33,1.9338,350.00,2.3642,1
332,"2,2,4-Trimethylpentane",C8H18,540-84-1,114.229,95275.000,6.9670E+02,-1.3765E+00,2.1734E-03,,165.78,1.8285,520.00,3.9095,1
333,"2,3,3-Trimethylpentane",C8H18,560-21-4,114.229,388620.000,-1.4395E+03,3.2187E+00,,,280.00,2.3791,320.00,2.5757,1
334,"1,3,5-Trinitrobenzene",C6H3N3O6,99-35-4,213.105,40364.000,6.6446E+02,,,,398.40,3.0508,475.47,3.5629,1
335,"2,4,6-Trinitrotoluene",C7H5N3O6,118-96-7,227.131,133530.000,5.1464E+02,,,,354.00,3.1571,475.00,3.7798,1
336,Undecane,C11H24,1120-21-4,156.308,293980.000,-1.1498E+02,9.6936E-01,,,247.57,3.2493,433.42,4.2624,1
337,1-Undecanol,C11H24O,112-42-5,172.308,129450.000,-3.0395E+03,2.7927E+01,-6.1847E-02,4.3042E-05,289.05,3.9103,520.30,5.5127,1
338,Vinyl acetate,C4H6O2,108-05-4,86.089,136300.000,-1.0617E+02,7.5175E-01,,,259.56,1.5939,389.35,2.0892,1
339,Vinyl acetylene,C4H4,689-97-4,52.075,68720.000,1.3500E+02,,,,200.00,0.9572,278.25,1.0628,1
340,Vinyl chloride,C2H3Cl,75-01-4,62.498,-10320.000,3.2280E+02,,,,200.00,0.5424,400.00,1.1880,1
341,Vinyl trichlorosilane,C2H3Cl3Si,75-94-5,161.490,49516.000,4.2035E+02,,,,178.35,1.2449,363.85,2.0246,1
342,Water,H2O,7732-18-5,18.015,276370.000,-2.0901E+03,8.1250E+00,-1.4116E-02,9.3701E-06,273.16,0.7615,533.15,0.8939,1
343,m-Xylene,C8H10,108-38-3,106.165,133860.000,7.8754E+00,5.2265E-01,,,217.00,1.6018,540.15,2.9060,1
344,o-Xylene,C8H10,95-47-6,106.165,36500.000,1.0175E+03,-2.6300E+00,3.0200E-03,,247.98,1.7314,417.58,2.2269,1
345,p-Xylene,C8H10,106-42-3,106.165,-35500.000,1.2872E+03,-2.5990E+00,2.4260E-03,,286.41,1.7697,600.00,3.2520,1